window_000_start_0/gemm1.meta,window_000_start_0/gemm2.meta
window_001_start_4/gemm1.meta,window_001_start_4/gemm2.meta
window_002_start_8/gemm1.meta,window_002_start_8/gemm2.meta
window_003_start_12/gemm1.meta,window_003_start_12/gemm2.meta
window_004_start_16/gemm1.meta,window_004_start_16/gemm2.meta
window_005_start_20/gemm1.meta,window_005_start_20/gemm2.meta
window_006_start_24/gemm1.meta,window_006_start_24/gemm2.meta
window_007_start_28/gemm1.meta,window_007_start_28/gemm2.meta
window_008_start_32/gemm1.meta,window_008_start_32/gemm2.meta
window_009_start_36/gemm1.meta,window_009_start_36/gemm2.meta
window_010_start_40/gemm1.meta,window_010_start_40/gemm2.meta
window_011_start_44/gemm1.meta,window_011_start_44/gemm2.meta
window_012_start_48/gemm1.meta,window_012_start_48/gemm2.meta
window_013_start_52/gemm1.meta,window_013_start_52/gemm2.meta
window_014_start_56/gemm1.meta,window_014_start_56/gemm2.meta
window_015_start_60/gemm1.meta,window_015_start_60/gemm2.meta
