at,elapsed_s,pswpin,pswpout,pswpin_d,pswpout_d,pgmajfault_d,pgscan_d,mem_available_kb,swap_free_kb,dirty_kb,cached_kb,psi_mem_some_avg10,psi_mem_full_avg10,target
2026-09-19T19:45:11-04:00,0,950946,1488825,0,0,0,0,14368072,36823904,661968,7918004,0.20,0.20,0
2026-09-19T19:45:11-04:00,0,951693,1488825,747,0,1543,0,14343744,36823904,661992,8083916,0.16,0.16,0
2026-09-19T19:45:12-04:00,1,951758,1488825,65,0,1900,0,14225464,36823960,662164,8295344,0.16,0.16,0
2026-09-19T19:45:12-04:00,1,951772,1488825,14,0,1304,0,14167232,36823960,662184,8425540,0.16,0.16,0
2026-09-19T19:45:13-04:00,2,951791,1488825,19,0,54,0,14114024,36823960,662184,8443580,0.16,0.16,0
2026-09-19T19:45:13-04:00,2,951839,1488825,48,0,572,0,14318448,36823960,662196,8516804,0.13,0.13,0
2026-09-19T19:45:14-04:00,3,951856,1488825,17,0,18,0,14129764,36823960,661748,8517480,0.13,0.13,0
2026-09-19T19:45:14-04:00,3,951973,1488825,117,0,164,0,13903320,36823960,661884,8525404,0.13,0.13,0
2026-09-19T19:45:15-04:00,4,951988,1488825,15,0,83,0,14224136,36823960,661892,8541852,0.13,0.13,0
2026-09-19T19:45:15-04:00,4,952001,1488825,13,0,12,0,14030704,36823960,661900,8541852,0.11,0.11,0
2026-09-19T19:45:16-04:00,5,952010,1488825,9,0,8,51200,13854596,36823960,661924,8439456,0.11,0.11,0
2026-09-19T19:45:16-04:00,5,952028,1488825,18,0,11,50776,14234624,36823960,661932,8337904,0.11,0.11,0
2026-09-19T19:45:17-04:00,6,952054,1488825,26,0,18,0,14041716,36823960,661972,8337984,0.11,0.11,0
2026-09-19T19:45:17-04:00,6,952072,1488825,18,0,20,0,13839556,36823960,661980,8338932,0.09,0.09,0
2026-09-19T19:45:18-04:00,7,952079,1488825,7,0,7,0,13534168,36823960,661980,8338932,0.09,0.09,0
2026-09-19T19:45:19-04:00,8,952090,1488825,11,0,80,0,13230024,36823960,661992,8342900,0.09,0.09,0
2026-09-19T19:45:19-04:00,8,952109,1488825,19,0,143,0,13228008,36823960,80368,8350004,0.09,0.09,0
2026-09-19T19:45:20-04:00,9,952136,1488825,27,0,767,50848,13006352,36823960,1200,8289808,0.07,0.07,0
2026-09-19T19:45:20-04:00,9,952154,1488825,18,0,17,0,14154900,36823960,1212,8289844,0.07,0.07,0
2026-09-19T19:45:21-04:00,10,952800,1488825,646,0,494,0,13970540,36824020,1220,8289844,0.07,0.07,0
2026-09-19T19:45:21-04:00,10,952812,1488825,12,0,7,0,13925916,36824020,1228,8289848,0.07,0.07,0
2026-09-19T19:45:22-04:00,11,952821,1488825,9,0,5,0,13969056,36824020,1376,8289852,0.06,0.06,0
2026-09-19T19:45:22-04:00,11,952824,1488825,3,0,10,0,13811420,36824020,1448,8289852,0.06,0.06,0
2026-09-19T19:45:23-04:00,12,952972,1488825,148,0,118,0,14066644,36824020,1204,8290052,0.06,0.06,0
2026-09-19T19:45:23-04:00,12,953275,1488825,303,0,382,0,13934416,36824588,1212,8293292,0.05,0.05,0
2026-09-19T19:45:24-04:00,13,955408,1488825,2133,0,1027,0,13711156,36824596,1224,8293164,0.05,0.05,0
2026-09-19T19:45:24-04:00,13,955409,1488825,1,0,1,0,14043912,36824596,560,8293164,0.05,0.05,0
2026-09-19T19:45:25-04:00,14,955410,1488825,1,0,3,0,13850324,36824596,568,8293164,0.05,0.05,0
2026-09-19T19:45:25-04:00,14,955415,1488825,5,0,3,0,13725444,36824596,576,8293164,0.04,0.04,0
2026-09-19T19:45:26-04:00,15,955420,1488825,5,0,2,0,13458344,36824596,596,8293164,0.04,0.04,0
2026-09-19T19:45:26-04:00,15,955432,1488825,12,0,11,0,13161316,36824596,608,8293164,0.04,0.04,0
2026-09-19T19:45:27-04:00,16,955710,1488825,278,0,42,0,13159204,36824596,620,8293164,0.04,0.04,0
2026-09-19T19:45:27-04:00,16,955713,1488825,3,0,3,0,12939540,36824596,628,8293160,0.03,0.03,0
2026-09-19T19:45:28-04:00,17,955742,1488825,29,0,29,0,14083128,36824596,708,8293556,0.03,0.03,1
2026-09-19T19:45:28-04:00,17,957491,1488825,1749,0,2256,0,14067156,36825020,752,8360976,0.03,0.03,1
2026-09-19T19:45:29-04:00,18,957550,1488825,59,0,2092,0,14027096,36825040,800,8623876,0.03,0.03,1
2026-09-19T19:45:29-04:00,18,957632,1488825,82,0,1872,0,13957448,36825040,800,8796244,0.02,0.02,1
2026-09-19T19:45:30-04:00,19,957633,1488825,1,0,682,0,13944464,36825040,800,8865960,0.02,0.02,1
2026-09-19T19:45:30-04:00,19,957634,1488825,1,0,170,0,13895644,36825040,1764,8898600,0.02,0.02,1
2026-09-19T19:45:31-04:00,20,957646,1488825,12,0,368,0,13893888,36825056,5060,8943796,0.02,0.02,1
2026-09-19T19:45:31-04:00,20,957646,1488825,0,0,5,0,13880812,36825132,11540,8955708,0.02,0.02,1
2026-09-19T19:45:32-04:00,21,957646,1488825,0,0,0,0,13871208,36825132,18132,8967596,0.02,0.02,1
2026-09-19T19:45:32-04:00,21,957646,1488825,0,0,595,0,13870252,36825132,18928,9045000,0.02,0.02,1
2026-09-19T19:45:33-04:00,22,957646,1488825,0,0,41,0,13846796,36825132,23656,9056128,0.02,0.02,1
2026-09-19T19:45:33-04:00,22,957646,1488825,0,0,1,0,13831644,36825132,28968,9064828,0.01,0.01,1
2026-09-19T19:45:34-04:00,23,957646,1488825,0,0,2,0,13808936,36825132,32876,9072196,0.01,0.01,1
2026-09-19T19:45:35-04:00,24,957646,1488825,0,0,10,0,13804604,36825132,38620,9084072,0.01,0.01,1
2026-09-19T19:45:35-04:00,24,957646,1488825,0,0,0,0,13796440,36825132,44056,9094268,0.01,0.01,1
2026-09-19T19:45:36-04:00,25,957646,1488825,0,0,26,0,13784888,36825132,47484,9104040,0.01,0.01,1
2026-09-19T19:45:36-04:00,25,957646,1488825,0,0,44,0,13771012,36825132,51504,9116200,0.01,0.01,1
2026-09-19T19:45:37-04:00,26,957646,1488825,0,0,0,0,13777208,36825132,52572,9122416,0.01,0.01,1
2026-09-19T19:45:37-04:00,26,957646,1488825,0,0,15,0,13780776,36825220,52896,9128548,0.01,0.01,1
2026-09-19T19:45:38-04:00,27,957646,1488825,0,0,5,0,13770352,36825220,54760,9162920,0.01,0.01,1
2026-09-19T19:45:38-04:00,27,957646,1488825,0,0,35,0,13764436,36825220,55920,9174548,0.01,0.01,1
2026-09-19T19:45:39-04:00,28,957648,1488825,2,0,65,0,13758096,36825220,63260,9192612,0.01,0.01,1
2026-09-19T19:45:39-04:00,28,957648,1488825,0,0,57,0,13738080,36825220,67840,9209360,0.01,0.01,1
2026-09-19T19:45:40-04:00,29,957648,1488825,0,0,105,0,13736264,36825220,72556,9233748,0.00,0.00,1
2026-09-19T19:45:40-04:00,29,957648,1488825,0,0,10,0,13695636,36825220,79368,9248156,0.00,0.00,1
2026-09-19T19:45:41-04:00,30,957649,1488825,1,0,357,0,13695152,36825220,82956,9295936,0.00,0.00,1
2026-09-19T19:45:41-04:00,30,957649,1488825,0,0,101,0,13675132,36825220,86780,9311332,0.00,0.00,1
2026-09-19T19:45:42-04:00,31,957717,1488825,68,0,116,0,13675264,36826340,93204,9332756,0.00,0.00,1
2026-09-19T19:45:42-04:00,31,957717,1488825,0,0,38,0,13640796,36826340,101440,9351916,0.00,0.00,1
2026-09-19T19:45:43-04:00,32,957717,1488825,0,0,14,0,13636084,36826340,108644,9368692,0.00,0.00,1
2026-09-19T19:45:43-04:00,32,957717,1488825,0,0,0,0,13633172,36826340,111936,9375412,0.00,0.00,1
2026-09-19T19:45:44-04:00,33,957717,1488825,0,0,158,0,13625696,36826340,117316,9400604,0.00,0.00,1
2026-09-19T19:45:44-04:00,33,957721,1488825,4,0,12,0,13618688,36826340,119088,9406724,0.00,0.00,1
2026-09-19T19:45:45-04:00,34,957721,1488825,0,0,171,0,13606112,36826340,123244,9432728,0.00,0.00,1
2026-09-19T19:45:45-04:00,34,957721,1488825,0,0,209,0,13582404,36826340,126020,9453912,0.00,0.00,1
2026-09-19T19:45:46-04:00,35,957721,1488825,0,0,10,0,13566376,36826340,130772,9463728,0.00,0.00,1
2026-09-19T19:45:46-04:00,35,957721,1488825,0,0,19,0,13400396,36826340,130812,9464932,0.00,0.00,1
2026-09-19T19:45:47-04:00,36,957721,1488825,0,0,0,0,13319384,36826340,130812,9464932,0.00,0.00,1
2026-09-19T19:45:47-04:00,36,957721,1488825,0,0,0,0,13252404,36826340,130812,9464932,0.00,0.00,1
2026-09-19T19:45:48-04:00,37,957730,1488825,9,0,8,0,13212472,36826352,131180,9464932,0.00,0.00,1
2026-09-19T19:45:48-04:00,37,957730,1488825,0,0,0,0,13191896,36826352,131184,9464936,0.00,0.00,1
2026-09-19T19:45:49-04:00,38,957730,1488825,0,0,0,0,13175216,36826352,133680,9464936,0.00,0.00,1
2026-09-19T19:45:49-04:00,38,957730,1488825,0,0,0,0,13136764,36826352,133680,9464936,0.00,0.00,1
2026-09-19T19:45:50-04:00,39,958062,1488825,332,0,212,0,13082764,36827792,133680,9464936,0.00,0.00,1
2026-09-19T19:45:50-04:00,39,958062,1488825,0,0,0,0,13027132,36827792,133680,9464944,0.00,0.00,1
2026-09-19T19:45:51-04:00,40,958062,1488825,0,0,0,0,13013756,36827792,133680,9464944,0.00,0.00,1
2026-09-19T19:45:51-04:00,40,958062,1488825,0,0,0,0,12987752,36827792,136972,9471860,0.00,0.00,1
2026-09-19T19:45:52-04:00,41,958062,1488825,0,0,202,0,12877516,36827792,138092,9503080,0.00,0.00,1
2026-09-19T19:45:52-04:00,41,958062,1488825,0,0,32,0,12722064,36827792,138092,9505012,0.00,0.00,1
2026-09-19T19:45:53-04:00,42,958062,1488825,0,0,45,0,12685344,36827792,138092,9509836,0.00,0.00,1
2026-09-19T19:45:54-04:00,43,958062,1488825,0,0,114,0,12900980,36827792,138652,9519392,0.00,0.00,1
2026-09-19T19:45:54-04:00,43,958062,1488825,0,0,557,0,12785348,36827792,138712,9585512,0.00,0.00,1
2026-09-19T19:45:55-04:00,44,958062,1488825,0,0,0,0,12610712,36827792,138712,9585512,0.00,0.00,1
2026-09-19T19:45:55-04:00,44,958063,1488825,1,0,1,0,12725976,36827792,138712,9585596,0.00,0.00,1
2026-09-19T19:45:56-04:00,45,958063,1488825,0,0,5,0,12534896,36827792,138748,9585544,0.00,0.00,1
2026-09-19T19:45:56-04:00,45,958063,1488825,0,0,0,0,12666388,36827792,139408,9587400,0.00,0.00,1
2026-09-19T19:45:57-04:00,46,958063,1488825,0,0,1,0,12665172,36827792,139800,9587880,0.00,0.00,1
2026-09-19T19:45:57-04:00,46,958063,1488825,0,0,1,0,12664480,36827792,139696,9588040,0.00,0.00,1
2026-09-19T19:45:58-04:00,47,958071,1488825,8,0,314,0,13358892,36827792,139696,9605148,0.00,0.00,1
2026-09-19T19:45:58-04:00,47,958071,1488825,0,0,43,0,13251528,36827792,139780,9620104,0.00,0.00,1
2026-09-19T19:45:59-04:00,48,958071,1488825,0,0,1,0,13171336,36827792,139820,9620184,0.00,0.00,1
2026-09-19T19:45:59-04:00,48,958071,1488825,0,0,8,0,13068184,36827792,140616,9623628,0.00,0.00,1
2026-09-19T19:46:00-04:00,49,958071,1488825,0,0,0,0,12925840,36827792,140768,9623628,0.00,0.00,1
2026-09-19T19:46:00-04:00,49,958071,1488825,0,0,0,0,12846364,36827792,140768,9623628,0.00,0.00,1
2026-09-19T19:46:01-04:00,50,958071,1488825,0,0,0,0,12821224,36827792,140768,9623628,0.00,0.00,1
2026-09-19T19:46:01-04:00,50,958071,1488825,0,0,0,0,12779432,36827792,140768,9623624,0.00,0.00,1
2026-09-19T19:46:02-04:00,51,958071,1488825,0,0,0,0,12763824,36827792,140768,9623628,0.00,0.00,1
2026-09-19T19:46:02-04:00,51,958071,1488825,0,0,0,0,12739548,36827792,140768,9623628,0.00,0.00,1
2026-09-19T19:46:03-04:00,52,958071,1488825,0,0,0,0,12679840,36827792,140768,9623628,0.00,0.00,1
2026-09-19T19:46:03-04:00,52,958071,1488825,0,0,0,0,12638928,36827792,140768,9623628,0.00,0.00,1
2026-09-19T19:46:04-04:00,53,958071,1488825,0,0,0,0,12619928,36827792,140768,9623628,0.00,0.00,1
2026-09-19T19:46:04-04:00,53,958071,1488825,0,0,0,0,12577916,36827792,100652,9623772,0.00,0.00,1
2026-09-19T19:46:05-04:00,54,958071,1488825,0,0,0,0,12503308,36827792,100652,9623772,0.00,0.00,1
2026-09-19T19:46:05-04:00,54,958071,1488825,0,0,0,0,12502816,36827792,100652,9623772,0.00,0.00,1
2026-09-19T19:46:06-04:00,55,958071,1488825,0,0,0,0,12797500,36827792,100656,9623776,0.00,0.00,1
2026-09-19T19:46:06-04:00,55,958072,1488825,1,0,6,0,13067220,36827792,101328,9625360,0.00,0.00,1
2026-09-19T19:46:07-04:00,56,958072,1488825,0,0,1,0,12987324,36827792,101396,9625400,0.00,0.00,1
2026-09-19T19:46:07-04:00,56,958072,1488825,0,0,0,0,12863480,36827792,101396,9625400,0.00,0.00,1
2026-09-19T19:46:08-04:00,57,958072,1488825,0,0,0,0,12863536,36827792,101396,9625400,0.00,0.00,1
2026-09-19T19:46:08-04:00,57,958072,1488825,0,0,0,0,12771584,36827792,101396,9625404,0.00,0.00,1
2026-09-19T19:46:09-04:00,58,958072,1488825,0,0,10,0,12590496,36827792,101396,9625888,0.00,0.00,1
2026-09-19T19:46:09-04:00,58,958072,1488825,0,0,0,0,12534924,36827792,68668,9625984,0.00,0.00,1
2026-09-19T19:46:10-04:00,59,958072,1488825,0,0,0,0,12484524,36827792,68668,9625972,0.00,0.00,1
2026-09-19T19:46:10-04:00,59,958072,1488825,0,0,0,0,12449620,36827792,68720,9626072,0.00,0.00,1
2026-09-19T19:46:11-04:00,60,958072,1488825,0,0,1,0,12430776,36827792,68720,9626680,0.00,0.00,1
2026-09-19T19:46:12-04:00,61,958072,1488825,0,0,0,0,12421088,36827792,68956,9626916,0.00,0.00,1
2026-09-19T19:46:12-04:00,61,958072,1488825,0,0,0,0,12362636,36827792,68956,9626916,0.00,0.00,1
2026-09-19T19:46:13-04:00,62,958072,1488825,0,0,0,0,12313000,36827792,68956,9626916,0.00,0.00,1
2026-09-19T19:46:13-04:00,62,958072,1488825,0,0,0,0,12263724,36827792,68956,9626916,0.00,0.00,1
2026-09-19T19:46:14-04:00,63,958072,1488825,0,0,0,0,12237132,36827792,68956,9626916,0.00,0.00,1
2026-09-19T19:46:14-04:00,63,958072,1488825,0,0,21,0,12116012,36827792,68960,9628264,0.00,0.00,1
2026-09-19T19:46:15-04:00,64,958072,1488825,0,0,0,0,12002548,36827792,21360,9628376,0.00,0.00,1
2026-09-19T19:46:15-04:00,64,958072,1488825,0,0,0,0,11936620,36827792,21364,9628380,0.00,0.00,1
2026-09-19T19:46:16-04:00,65,958072,1488825,0,0,0,0,11885964,36827792,21368,9628380,0.00,0.00,1
2026-09-19T19:46:16-04:00,65,958072,1488825,0,0,0,0,11858596,36827792,21368,9628380,0.00,0.00,1
2026-09-19T19:46:17-04:00,66,958072,1488825,0,0,0,0,11852812,36827792,21368,9628388,0.00,0.00,1
2026-09-19T19:46:17-04:00,66,958072,1488825,0,0,0,0,11831008,36827792,21368,9628388,0.00,0.00,1
2026-09-19T19:46:18-04:00,67,958072,1488825,0,0,0,0,11739200,36827792,21368,9628388,0.00,0.00,1
2026-09-19T19:46:18-04:00,67,958072,1488825,0,0,0,0,11697160,36827792,21368,9628388,0.00,0.00,1
2026-09-19T19:46:19-04:00,68,958072,1488825,0,0,0,0,11668748,36827792,21368,9628388,0.00,0.00,1
2026-09-19T19:46:19-04:00,68,958072,1488825,0,0,0,0,11515940,36827792,21368,9628692,0.00,0.00,1
2026-09-19T19:46:20-04:00,69,958073,1488825,1,0,1,0,11316528,36827792,12992,9633216,0.00,0.00,1
2026-09-19T19:46:20-04:00,69,958073,1488825,0,0,1,0,10983324,36827792,13000,9633200,0.00,0.00,1
2026-09-19T19:46:21-04:00,70,958073,1488825,0,0,22,0,10864956,36827792,13056,9634328,0.00,0.00,1
2026-09-19T19:46:21-04:00,70,958073,1488825,0,0,0,0,10836732,36827792,13072,9634328,0.00,0.00,1
2026-09-19T19:46:22-04:00,71,958073,1488825,0,0,0,0,10829796,36827792,13072,9634332,0.00,0.00,1
2026-09-19T19:46:22-04:00,71,958073,1488825,0,0,0,0,10812116,36827792,13072,9634332,0.00,0.00,1
2026-09-19T19:46:23-04:00,72,958073,1488825,0,0,0,0,10722812,36827792,13072,9634332,0.00,0.00,1
2026-09-19T19:46:23-04:00,72,958073,1488825,0,0,0,0,10687976,36827792,13072,9634332,0.00,0.00,1
2026-09-19T19:46:24-04:00,73,958073,1488825,0,0,0,0,10662776,36827792,13072,9634332,0.00,0.00,1
2026-09-19T19:46:24-04:00,73,958073,1488825,0,0,0,0,10623836,36827792,13492,9634332,0.00,0.00,1
2026-09-19T19:46:25-04:00,74,958073,1488825,0,0,0,0,10399528,36827792,9028,9634340,0.00,0.00,1
2026-09-19T19:46:25-04:00,74,958073,1488825,0,0,153,0,10214304,36827792,9032,9643936,0.00,0.00,1
2026-09-19T19:46:26-04:00,75,958074,1488825,1,0,96,0,10222972,36827792,9032,9650384,0.00,0.00,1
2026-09-19T19:46:26-04:00,75,958074,1488825,0,0,290,278522,9295568,36827792,9040,9124100,0.00,0.00,1
2026-09-19T19:46:27-04:00,76,958074,1488825,0,0,464,58958,9304628,36827792,9060,9015160,0.00,0.00,1
2026-09-19T19:46:27-04:00,76,958074,1488825,0,0,80,113660,9038924,36827792,9120,8794464,0.00,0.00,1
2026-09-19T19:46:28-04:00,77,958511,1488825,437,0,401,581326,7907644,36829988,9120,7639140,0.00,0.00,1
2026-09-19T19:46:28-04:00,77,958980,1488913,469,88,1725,650766,7892952,36838276,16,7684280,0.00,0.00,1
2026-09-19T19:46:29-04:00,78,958986,1489033,6,120,2063,1281176,7912380,36838184,20,7060684,0.00,0.00,1
2026-09-19T19:46:30-04:00,79,958988,1490526,2,1493,2050,934698,7931492,36832716,544,7127828,0.36,0.36,1
2026-09-19T19:46:30-04:00,79,958996,1492427,8,1901,1877,880058,7879252,36826772,544,7319688,0.36,0.36,1
2026-09-19T19:46:31-04:00,80,959023,1498880,27,6453,2560,953944,7970692,36806788,544,7495968,0.36,0.36,1
2026-09-19T19:46:31-04:00,80,959642,1504545,619,5665,2491,802632,7980684,36792088,548,7841780,0.36,0.36,1
2026-09-19T19:46:32-04:00,81,959762,1505419,120,874,2040,1077460,7984352,36791684,8,7575392,1.20,1.20,1
2026-09-19T19:46:32-04:00,81,959868,1508808,106,3389,1963,440988,7940408,36789304,16,7878392,1.20,1.20,1
2026-09-19T19:46:33-04:00,82,959956,1511910,88,3102,2642,555110,8000248,36779308,16,7922872,1.20,1.20,1
2026-09-19T19:46:33-04:00,82,959974,1511910,18,0,1882,486657,7927984,36779312,16,7874528,1.52,1.52,1
2026-09-19T19:46:34-04:00,83,960562,1523434,588,11524,1677,400029,8087244,36717464,16,7907568,1.52,1.52,1
2026-09-19T19:46:34-04:00,83,960674,1532612,112,9178,1930,504163,8163016,36713936,16,7906428,1.52,1.52,1
2026-09-19T19:46:35-04:00,84,960789,1532612,115,0,2204,447063,8122340,36713936,40,7931728,1.52,1.52,1
2026-09-19T19:46:35-04:00,84,960907,1540280,118,7668,3792,1233520,6088856,36712088,44,5884988,2.15,2.15,1
2026-09-19T19:46:36-04:00,85,960927,1540280,20,0,2931,345983,6670352,36712088,44,6420220,2.15,2.15,1
2026-09-19T19:46:36-04:00,85,960955,1540789,28,509,2066,753214,7990548,36705040,48,5454800,2.15,2.15,1
2026-09-19T19:46:37-04:00,86,961054,1540789,99,0,3831,89162,6169836,36705040,84,5954460,2.15,2.15,1
2026-09-19T19:46:37-04:00,86,961063,1540789,9,0,3364,602152,5906868,36705040,84,5776104,2.67,2.67,1
2026-09-19T19:46:38-04:00,87,961206,1540789,143,0,1495,619330,7458076,36705260,88,5100748,2.67,2.67,1
2026-09-19T19:46:38-04:00,87,961217,1540789,11,0,397,0,6622212,36705260,88,5142672,2.67,2.67,1
2026-09-19T19:46:39-04:00,88,961224,1540789,7,0,19,0,6638604,36705264,88,5144948,2.67,2.67,1
2026-09-19T19:46:40-04:00,89,961304,1540789,80,0,220,0,6640644,36705268,88,5284176,2.73,2.73,1
2026-09-19T19:46:40-04:00,89,961309,1540789,5,0,5,0,6641604,36705268,88,5552944,2.73,2.73,1
2026-09-19T19:46:41-04:00,90,961310,1540789,1,0,2,0,6641344,36705268,120,6063632,2.73,2.73,1
2026-09-19T19:46:41-04:00,90,961514,1540789,204,0,268,3121,6631660,36705268,120,6414448,2.73,2.73,1
2026-09-19T19:46:42-04:00,91,961514,1540789,0,0,176,18441,6599176,36705268,132,6382400,2.23,2.23,1
2026-09-19T19:46:42-04:00,91,961523,1540789,9,0,58,2406,6591356,36705268,184,6376212,2.23,2.23,1
2026-09-19T19:46:43-04:00,92,961621,1540789,98,0,100,2333,6583652,36705268,188,6367816,2.23,2.23,1
2026-09-19T19:46:43-04:00,92,961634,1540789,13,0,8,2020,6573252,36705268,188,6359996,2.23,2.23,1
2026-09-19T19:46:44-04:00,93,961646,1540789,12,0,8,1980,6563712,36705268,204,6351828,1.83,1.83,1
2026-09-19T19:46:44-04:00,93,963639,1540789,1993,0,1692,831,6551608,36705268,204,6366188,1.83,1.83,1
2026-09-19T19:46:45-04:00,94,964425,1540789,786,0,529,2755,6540236,36705268,204,6358048,1.83,1.83,1
2026-09-19T19:46:45-04:00,94,964470,1540789,45,0,34,3613,6524128,36705268,204,6343744,1.83,1.83,1
2026-09-19T19:46:46-04:00,95,964482,1540789,12,0,8,2757,6512316,36705268,204,6332808,1.49,1.49,1
2026-09-19T19:46:46-04:00,95,964484,1540789,2,0,2,3544,6496936,36705268,204,6318464,1.49,1.49,1
2026-09-19T19:46:47-04:00,96,964492,1540789,8,0,8,2756,6487236,36705268,604,6307264,1.49,1.49,1
2026-09-19T19:46:47-04:00,96,964493,1540789,1,0,1,3152,6472976,36705268,604,6294872,1.22,1.22,1
2026-09-19T19:46:48-04:00,97,964515,1540789,22,0,18,768,6469796,36705268,608,6291688,1.22,1.22,1
2026-09-19T19:46:48-04:00,97,964522,1540789,7,0,8,1552,6459612,36705268,608,6285688,1.22,1.22,1
2026-09-19T19:46:49-04:00,98,964547,1540789,25,0,31,3232,6445764,36705268,608,6287252,1.22,1.22,1
2026-09-19T19:46:49-04:00,98,964562,1540789,15,0,10,2826,6436444,36705268,608,6275944,1.00,1.00,1
2026-09-19T19:46:50-04:00,99,964567,1540789,5,0,12,33559,6306400,36705268,640,6142160,1.00,1.00,1
2026-09-19T19:46:50-04:00,99,964567,1540789,0,0,78,1204,6307932,36705268,664,6144264,1.00,1.00,1
2026-09-19T19:46:51-04:00,100,964570,1540789,3,0,25,7331,6284416,36705268,1372,6117844,1.00,1.00,1
2026-09-19T19:46:51-04:00,100,964570,1540789,0,0,12,0,6285944,36705268,1556,6118692,0.82,0.82,1
2026-09-19T19:46:52-04:00,101,964574,1540789,4,0,4,0,6286528,36705268,1556,6118692,0.82,0.82,1
2026-09-19T19:46:52-04:00,101,964574,1540789,0,0,0,407,6286512,36705268,1556,6117064,0.82,0.82,1
2026-09-19T19:46:53-04:00,102,964578,1540789,4,0,4,0,6285744,36705268,1584,6117072,0.82,0.82,1
2026-09-19T19:46:53-04:00,102,964579,1540789,1,0,1,0,6285244,36705268,1584,6117072,0.67,0.67,1
2026-09-19T19:46:54-04:00,103,964580,1540789,1,0,2,0,6284804,36705268,1584,6117200,0.67,0.67,1
2026-09-19T19:46:54-04:00,103,964580,1540789,0,0,3,0,6284172,36705268,1584,6117356,0.67,0.67,1
2026-09-19T19:46:55-04:00,104,964582,1540789,2,0,2,772,6278920,36705268,1584,6114376,0.67,0.67,1
2026-09-19T19:46:56-04:00,105,964582,1540789,0,0,0,2352,6271732,36705268,1584,6105008,0.55,0.55,1
2026-09-19T19:46:56-04:00,105,964584,1540789,2,0,2,3119,6257416,36705268,1672,6092676,0.55,0.55,1
2026-09-19T19:46:57-04:00,106,964584,1540789,0,0,0,3166,6247072,36705268,1672,6080216,0.55,0.55,1
2026-09-19T19:46:57-04:00,106,964584,1540789,0,0,0,2672,6237764,36705268,1672,6069420,0.55,0.55,1
2026-09-19T19:46:58-04:00,107,964584,1540789,0,0,0,3487,6225276,36705268,1672,6055276,0.45,0.45,1
2026-09-19T19:46:58-04:00,107,964603,1540789,19,0,14,1604,6219428,36705468,1676,6049200,0.45,0.45,1
2026-09-19T19:46:59-04:00,108,964603,1540789,0,0,0,753,6216720,36705468,1680,6046076,0.45,0.45,1
2026-09-19T19:46:59-04:00,108,964628,1540789,25,0,60,3084,6202844,36705972,1680,6034672,0.45,0.45,1
2026-09-19T19:47:00-04:00,109,966631,1540789,2003,0,1795,3491,6180272,36706544,1832,6023568,0.36,0.36,1
2026-09-19T19:47:00-04:00,109,966631,1540789,0,0,0,3456,6164112,36706544,1832,6009436,0.36,0.36,1
2026-09-19T19:47:01-04:00,110,966715,1540789,84,0,81,3456,6153196,36706544,1832,5996016,0.36,0.36,1
2026-09-19T19:47:01-04:00,110,966715,1540789,0,0,2,3484,6136100,36706544,1832,5981664,0.36,0.36,1
2026-09-19T19:47:02-04:00,111,966715,1540789,0,0,0,2680,6129560,36706544,2480,5971904,0.30,0.30,1
2026-09-19T19:47:02-04:00,111,966715,1540789,0,0,9,11145,6081716,36706544,2688,5928244,0.30,0.30,1
2026-09-19T19:47:03-04:00,112,966720,1540789,5,0,5,0,6084248,36706544,2652,5928372,0.30,0.30,1
2026-09-19T19:47:03-04:00,112,966720,1540789,0,0,0,0,6082348,36706544,2656,5928372,0.24,0.24,1
2026-09-19T19:47:04-04:00,113,966722,1540789,2,0,2,0,6083344,36706544,2656,5928296,0.24,0.24,1
2026-09-19T19:47:04-04:00,113,966722,1540789,0,0,0,0,6083020,36706544,2656,5928296,0.24,0.24,1
2026-09-19T19:47:05-04:00,114,966724,1540789,2,0,4,335,6082520,36706544,2780,5927028,0.24,0.24,1
2026-09-19T19:47:05-04:00,114,966725,1540789,1,0,1,0,6083844,36706544,2780,5927028,0.20,0.20,1
2026-09-19T19:47:06-04:00,115,966726,1540789,1,0,1,0,6085292,36706544,2184,5927176,0.20,0.20,1
2026-09-19T19:47:06-04:00,115,966729,1540789,3,0,2,340,6083900,36706544,2184,5925820,0.20,0.20,1
2026-09-19T19:47:07-04:00,116,966731,1540789,2,0,2,0,6084224,36706544,2184,5925820,0.20,0.20,1
2026-09-19T19:47:07-04:00,116,966733,1540789,2,0,2,0,6082096,36706544,2184,5925820,0.16,0.16,1
2026-09-19T19:47:08-04:00,117,966739,1540789,6,0,9,337,6080800,36706544,2064,5924952,0.16,0.16,1
2026-09-19T19:47:08-04:00,117,966739,1540789,0,0,0,0,6080888,36706544,2064,5924900,0.16,0.16,1
2026-09-19T19:47:09-04:00,118,966739,1540789,0,0,0,0,6079368,36706544,2064,5924892,0.16,0.16,1
2026-09-19T19:47:09-04:00,118,966779,1540789,40,0,31,0,6081612,36706544,2076,5924904,0.13,0.13,1
2026-09-19T19:47:10-04:00,119,972705,1540789,5926,0,4681,0,6055704,36706544,2076,5924904,0.13,0.13,1
2026-09-19T19:47:11-04:00,119,972705,1540789,0,0,0,0,6056244,36706544,2076,5924904,0.13,0.13,1
2026-09-19T19:47:11-04:00,120,972706,1540789,1,0,3,0,6052776,36706544,2088,5924904,0.13,0.13,1
2026-09-19T19:47:12-04:00,121,972706,1540789,0,0,0,1580,6048452,36706544,2088,5918708,0.11,0.11,1
2026-09-19T19:47:12-04:00,121,972707,1540789,1,0,2,337,6046040,36706544,2088,5917388,0.11,0.11,1
2026-09-19T19:47:13-04:00,122,972707,1540789,0,0,0,0,6047296,36706544,2128,5917416,0.11,0.11,1
2026-09-19T19:47:13-04:00,122,972708,1540789,1,0,1,347,6049280,36706544,2128,5916092,0.11,0.11,1
2026-09-19T19:47:14-04:00,123,972708,1540789,0,0,0,774,6049600,36706544,2128,5912932,0.09,0.09,1
2026-09-19T19:47:14-04:00,123,972708,1540789,0,0,0,719,6047236,36706544,2128,5910548,0.09,0.09,1
2026-09-19T19:47:15-04:00,124,972708,1540789,0,0,0,723,6043528,36706544,2152,5907420,0.09,0.09,1
2026-09-19T19:47:15-04:00,124,972708,1540789,0,0,0,1133,6041552,36706544,2152,5903132,0.09,0.09,1
2026-09-19T19:47:16-04:00,125,972708,1540789,0,0,0,687,6038624,36706544,2152,5899876,0.07,0.07,1
2026-09-19T19:47:16-04:00,125,972708,1540789,0,0,1,4043,6024380,36706544,2120,5882448,0.07,0.07,1
2026-09-19T19:47:17-04:00,126,972708,1540789,0,0,0,5426,6001944,36706544,2160,5862360,0.07,0.07,1
2026-09-19T19:47:17-04:00,126,972709,1540789,1,0,1,1766,5993256,36706544,2160,5855248,0.07,0.07,1
2026-09-19T19:47:18-04:00,127,972711,1540789,2,0,2,1103,5989188,36706544,2160,5849408,0.06,0.06,1
2026-09-19T19:47:18-04:00,127,972837,1540789,126,0,122,7248,5959236,36706544,2248,5822136,0.06,0.06,1
2026-09-19T19:47:19-04:00,128,972837,1540789,0,0,0,1423,5951904,36706544,2248,5816028,0.06,0.06,1
2026-09-19T19:47:19-04:00,128,972857,1540789,20,0,9,1405,5951072,36706544,2248,5810596,0.04,0.04,1
2026-09-19T19:47:20-04:00,129,972859,1540789,2,0,2,388,5950568,36706544,2252,5808988,0.04,0.04,1
2026-09-19T19:47:20-04:00,129,972859,1540789,0,0,0,1121,5946612,36706544,2252,5804620,0.04,0.04,1
2026-09-19T19:47:21-04:00,130,972859,1540789,0,0,0,2158,5938136,36706544,1524,5795908,0.04,0.04,1
2026-09-19T19:47:21-04:00,130,972861,1540789,2,0,123,4285,5930904,36706544,1380,5790528,0.03,0.03,1
2026-09-19T19:47:22-04:00,131,972861,1540789,0,0,0,738,5929612,36706544,1380,5787672,0.03,0.03,1
2026-09-19T19:47:22-04:00,131,972861,1540789,0,0,0,679,5925360,36706544,1356,5784732,0.03,0.03,1
2026-09-19T19:47:23-04:00,132,972864,1540789,3,0,2,343,5925440,36706544,1356,5783676,0.03,0.03,1
2026-09-19T19:47:23-04:00,132,972996,1540789,132,0,103,327,5924512,36706544,1356,5782052,0.03,0.03,1
2026-09-19T19:47:24-04:00,133,972996,1540789,0,0,0,676,5924028,36706544,1356,5779540,0.03,0.03,1
2026-09-19T19:47:24-04:00,133,972996,1540789,0,0,0,327,5924360,36706544,1356,5778040,0.03,0.03,1
2026-09-19T19:47:25-04:00,134,972996,1540789,0,0,0,339,5921852,36706544,1356,5776740,0.03,0.03,1
2026-09-19T19:47:25-04:00,134,972996,1540789,0,0,0,666,5924256,36706544,1364,5774332,0.02,0.02,1
2026-09-19T19:47:26-04:00,135,972996,1540789,0,0,0,332,5922552,36706544,1364,5772964,0.02,0.02,1
2026-09-19T19:47:27-04:00,136,972999,1540789,3,0,2,356,5920820,36706544,1404,5771268,0.02,0.02,1
2026-09-19T19:47:27-04:00,136,972999,1540789,0,0,0,388,5918612,36706544,1404,5769932,0.02,0.02,1
2026-09-19T19:47:28-04:00,137,972999,1540789,0,0,630,15295,5911728,36706544,1472,5763016,0.02,0.02,1
2026-09-19T19:47:28-04:00,137,973001,1540789,2,0,1523,50737,5863980,36706544,1704,5664524,0.02,0.02,1
2026-09-19T19:47:29-04:00,138,976414,1540789,3413,0,1847,6984,5800552,36706596,2604,5641588,0.02,0.02,1
2026-09-19T19:47:29-04:00,138,978590,1540789,2176,0,1345,2952,5756676,36708404,3652,5633700,0.02,0.02,1
2026-09-19T19:47:30-04:00,139,978601,1540789,11,0,8,1616,5733456,36708404,4740,5628376,0.01,0.01,1
2026-09-19T19:47:30-04:00,139,980598,1540789,1997,0,1168,1313,5709884,36714716,6160,5624348,0.01,0.01,1
2026-09-19T19:47:31-04:00,140,980598,1540789,0,0,6,0,5698556,36714716,7008,5625516,0.01,0.01,1
2026-09-19T19:47:31-04:00,140,980598,1540789,0,0,7,1647,5692180,36714716,8104,5620120,0.01,0.01,1
2026-09-19T19:47:32-04:00,141,980598,1540789,0,0,9,4004,5648628,36715396,34928,5620020,0.01,0.01,1
2026-09-19T19:47:32-04:00,141,981752,1540789,1154,0,647,6028,5636372,36715400,38996,5613668,0.01,0.01,1
2026-09-19T19:47:33-04:00,142,991073,1540789,9321,0,6507,13618,5591232,36715440,39048,5561264,0.01,0.01,1
2026-09-19T19:47:33-04:00,142,1012973,1540789,21900,0,10268,0,5548044,36722864,39048,5562024,0.01,0.01,1
2026-09-19T19:47:34-04:00,143,1012984,1540789,11,0,12,0,5546380,36722944,39040,5561652,0.01,0.01,1
2026-09-19T19:47:34-04:00,143,1012984,1540789,0,0,0,0,5545592,36722944,39044,5561652,0.01,0.01,1
2026-09-19T19:47:35-04:00,144,1012984,1540789,0,0,0,0,5547132,36722972,39044,5561652,0.01,0.01,1
2026-09-19T19:47:35-04:00,144,1012987,1540789,3,0,3,0,5545936,36722972,39284,5561688,0.00,0.00,1
2026-09-19T19:47:36-04:00,145,1012987,1540789,0,0,0,0,5546384,36723016,39284,5561688,0.00,0.00,1
2026-09-19T19:47:36-04:00,145,1012987,1540789,0,0,0,0,5547972,36723016,38356,5561696,0.00,0.00,1
2026-09-19T19:47:37-04:00,146,1012989,1540789,2,0,2,0,5548200,36723120,38356,5561696,0.00,0.00,1
2026-09-19T19:47:37-04:00,146,1012989,1540789,0,0,0,0,5545744,36723156,38356,5561696,0.00,0.00,1
2026-09-19T19:47:38-04:00,147,1012989,1540789,0,0,0,0,5549200,36723156,38356,5561696,0.00,0.00,1
2026-09-19T19:47:38-04:00,147,1012989,1540789,0,0,0,0,5548552,36723184,38356,5561696,0.00,0.00,1
2026-09-19T19:47:39-04:00,148,1012989,1540789,0,0,0,0,5558304,36723184,38356,5561696,0.00,0.00,1
2026-09-19T19:47:39-04:00,148,1013001,1540789,12,0,9,0,5564688,36723216,38356,5561696,0.00,0.00,1
2026-09-19T19:47:40-04:00,149,1013001,1540789,0,0,0,0,5563460,36723216,37620,5561696,0.00,0.00,1
2026-09-19T19:47:40-04:00,149,1013005,1541011,4,222,46,23970,5636412,36715564,37696,5557336,0.00,0.00,1
2026-09-19T19:47:41-04:00,150,1013006,1546299,1,5288,423,188145,5354220,36637124,37756,5086780,0.00,0.00,1
2026-09-19T19:47:41-04:00,150,1013087,1546302,81,3,147,29068,5350328,36637124,37664,5090120,0.18,0.18,1
2026-09-19T19:47:42-04:00,151,1013087,1546302,0,0,0,0,5342220,36637124,37676,5090132,0.18,0.18,1
2026-09-19T19:47:43-04:00,152,1013106,1546302,19,0,19,0,5336960,36637180,37688,5090248,0.18,0.18,1
2026-09-19T19:47:43-04:00,152,1013108,1546302,2,0,18,0,5334952,36637292,37688,5091424,0.18,0.18,1
2026-09-19T19:47:44-04:00,153,1013114,1546302,6,0,7,0,5278728,36637292,37820,5094732,0.15,0.15,1
2026-09-19T19:47:44-04:00,153,1013114,1546302,0,0,0,0,5318936,36637292,38816,5095784,0.15,0.15,1
2026-09-19T19:47:45-04:00,154,1013114,1546302,0,0,2,0,5294708,36637292,39532,5096504,0.15,0.15,1
2026-09-19T19:47:45-04:00,154,1013114,1546302,0,0,0,0,5298140,36637292,40088,5097104,0.15,0.15,1
2026-09-19T19:47:46-04:00,155,1013114,1546302,0,0,0,0,5251020,36637292,45916,5102524,0.12,0.12,1
2026-09-19T19:47:46-04:00,155,1013115,1546302,1,0,71,100094,4776404,36637292,46648,4730256,0.12,0.12,1
2026-09-19T19:47:47-04:00,156,1013117,1546302,2,0,92,122892,4293280,36637300,51072,4248560,0.12,0.12,1
2026-09-19T19:47:47-04:00,156,1013118,1546302,1,0,24,107400,3874668,36637300,51488,3831440,0.12,0.12,1
2026-09-19T19:47:48-04:00,157,1013118,1546302,0,0,4,8564,3840876,36637300,52036,3797520,0.28,0.28,1
2026-09-19T19:47:48-04:00,157,1013118,1546302,0,0,0,0,3843048,36637300,52172,3797608,0.28,0.28,1
2026-09-19T19:47:49-04:00,158,1013118,1546302,0,0,0,0,3844384,36637300,52452,3797892,0.28,0.28,1
2026-09-19T19:47:49-04:00,158,1013125,1547451,7,1149,61,42423,3798260,36602856,52476,3734836,0.28,0.28,1
2026-09-19T19:47:50-04:00,159,1013134,1547451,9,0,19,735,3790680,36602856,52480,3733596,0.23,0.23,1
2026-09-19T19:47:50-04:00,159,1013138,1547451,4,0,7,263,3786368,36602856,52952,3732896,0.23,0.23,1
2026-09-19T19:47:51-04:00,160,1013138,1547451,0,0,15,1759,3770684,36602856,54052,3728556,0.23,0.23,1
2026-09-19T19:47:51-04:00,160,1013139,1547451,1,0,4,1869,3759492,36602856,55216,3722308,0.18,0.18,1
2026-09-19T19:47:52-04:00,161,1013142,1547451,3,0,8,8653,3720636,36602856,55744,3695556,0.18,0.18,1
2026-09-19T19:47:52-04:00,161,1013142,1547451,0,0,70,25923,3626180,36602856,55744,3602188,0.18,0.18,1
2026-09-19T19:47:53-04:00,162,1013142,1547451,0,0,115,41917,3469736,36602856,56152,3451636,0.18,0.18,1
2026-09-19T19:47:53-04:00,162,1013154,1556324,12,8873,186,163458,3470008,36559504,56152,3268068,0.33,0.33,1
2026-09-19T19:47:54-04:00,163,1013154,1556324,0,0,30,0,3370380,36559504,57144,3272492,0.33,0.33,1
2026-09-19T19:47:54-04:00,163,1013162,1556324,8,0,28,0,3335436,36559504,57696,3274248,0.33,0.33,1
2026-09-19T19:47:55-04:00,164,1013162,1556324,0,0,3,0,3322508,36559504,57696,3274288,0.33,0.33,1
2026-09-19T19:47:55-04:00,164,1013395,1556324,233,0,217,0,3316068,36559504,57696,3275584,0.27,0.27,1
2026-09-19T19:47:56-04:00,165,1013397,1557313,2,989,101,53624,3450772,36559404,58132,3194464,0.27,0.27,1
2026-09-19T19:47:56-04:00,165,1013399,1557313,2,0,24,0,3288940,36559404,59176,3196484,0.27,0.27,1
2026-09-19T19:47:57-04:00,166,1013461,1557313,62,0,51,0,3284276,36559404,59824,3196524,0.27,0.27,1
2026-09-19T19:47:57-04:00,166,1013461,1557313,0,0,0,0,3285876,36559404,59824,3196524,0.22,0.22,1
2026-09-19T19:47:58-04:00,167,1013464,1557313,3,0,8,1270,3281944,36558176,59824,3148640,0.22,0.22,1
2026-09-19T19:47:59-04:00,168,1013499,1557825,35,512,101,24886,3274684,36558176,59448,3157364,0.22,0.22,1
2026-09-19T19:47:59-04:00,168,1013501,1557825,2,0,2,0,3274336,36558176,59448,3157372,0.22,0.22,1
2026-09-19T19:48:00-04:00,169,1013515,1557825,14,0,71,0,3269420,36558176,59448,3184320,0.18,0.18,1
2026-09-19T19:48:00-04:00,169,1013529,1558475,14,650,17,26266,3291412,36556372,59520,3133668,0.18,0.18,1
2026-09-19T19:48:01-04:00,170,1013555,1558475,26,0,100,0,3293716,36556372,59520,3138164,0.18,0.18,1
2026-09-19T19:48:01-04:00,170,1013555,1558475,0,0,0,0,3289824,36556372,59520,3138172,0.18,0.18,1
2026-09-19T19:48:02-04:00,171,1013555,1558475,0,0,0,0,3289764,36556372,59520,3138172,0.15,0.15,1
2026-09-19T19:48:02-04:00,171,1013556,1558475,1,0,1,0,3291852,36556372,59460,3138172,0.15,0.15,1
2026-09-19T19:48:03-04:00,172,1013556,1558475,0,0,0,0,3292604,36556372,59512,3138192,0.15,0.15,1
2026-09-19T19:48:03-04:00,172,1013679,1559105,123,630,164,26222,3221536,36554472,59512,3096016,0.15,0.15,1
2026-09-19T19:48:04-04:00,173,1013679,1559105,0,0,4,0,3230140,36554472,22828,3096900,0.12,0.12,1
2026-09-19T19:48:04-04:00,173,1013679,1559105,0,0,2,0,3229256,36554472,22828,3097604,0.12,0.12,1
2026-09-19T19:48:05-04:00,174,1013679,1559105,0,0,1,0,3234792,36554472,22820,3097924,0.12,0.12,1
2026-09-19T19:48:05-04:00,174,1013685,1559105,6,0,3,0,3233192,36554472,22824,3097924,0.12,0.12,1
2026-09-19T19:48:06-04:00,175,1013701,1559105,16,0,14,0,3238192,36554472,22804,3097924,0.10,0.10,1
2026-09-19T19:48:06-04:00,175,1013701,1559105,0,0,0,0,3237576,36554472,22804,3097924,0.10,0.10,1
2026-09-19T19:48:07-04:00,176,1013701,1559105,0,0,0,0,3242200,36554472,22804,3097924,0.10,0.10,1
2026-09-19T19:48:07-04:00,176,1013701,1559105,0,0,0,0,3241036,36554472,22804,3097924,0.08,0.08,1
2026-09-19T19:48:08-04:00,177,1013701,1559105,0,0,0,0,3246160,36554472,22808,3097924,0.08,0.08,1
2026-09-19T19:48:08-04:00,177,1013702,1559105,1,0,1,0,3246236,36554472,22976,3097924,0.08,0.08,1
2026-09-19T19:48:09-04:00,178,1013702,1559105,0,0,0,0,3255456,36554472,22976,3097924,0.08,0.08,1
2026-09-19T19:48:09-04:00,178,1013710,1559105,8,0,4,0,3252384,36554472,22976,3097924,0.06,0.06,1
2026-09-19T19:48:10-04:00,179,1013711,1559105,1,0,5,0,3254600,36554472,22976,3102784,0.06,0.06,1
2026-09-19T19:48:10-04:00,179,1013712,1559105,1,0,1,0,3254108,36554472,22976,3102784,0.06,0.06,1
2026-09-19T19:48:11-04:00,180,1013712,1559105,0,0,0,0,3260284,36554472,22976,3103008,0.06,0.06,1
2026-09-19T19:48:11-04:00,180,1013714,1559105,2,0,2,0,3258220,36554472,21884,3103008,0.05,0.05,1
2026-09-19T19:48:12-04:00,181,1013714,1559105,0,0,0,0,3264308,36554472,21884,3103008,0.05,0.05,1
2026-09-19T19:48:12-04:00,181,1013714,1559105,0,0,0,0,3269520,36554472,21236,3103008,0.05,0.05,1
2026-09-19T19:48:13-04:00,182,1013714,1559105,0,0,0,0,3270020,36554472,21012,3103008,0.05,0.05,1
2026-09-19T19:48:13-04:00,182,1013714,1559105,0,0,0,0,3271852,36554472,21012,3103008,0.04,0.04,1
2026-09-19T19:48:14-04:00,183,1013768,1559105,54,0,52,0,3273424,36554472,21012,3103008,0.04,0.04,1
2026-09-19T19:48:14-04:00,183,1013816,1559105,48,0,55,0,3277308,36554472,21012,3104328,0.04,0.04,1
2026-09-19T19:48:15-04:00,184,1013816,1559105,0,0,0,0,3274600,36554472,21012,3104328,0.04,0.04,1
2026-09-19T19:48:15-04:00,184,1013816,1559105,0,0,0,0,3275732,36554472,21012,3104328,0.03,0.03,1
2026-09-19T19:48:16-04:00,185,1013816,1559105,0,0,0,0,3277744,36554472,21012,3104328,0.03,0.03,1
2026-09-19T19:48:17-04:00,185,1013816,1559105,0,0,0,0,3279028,36554472,12524,3104352,0.03,0.03,1
2026-09-19T19:48:17-04:00,186,1013816,1559105,0,0,0,0,3277508,36554472,12524,3104352,0.03,0.03,1
2026-09-19T19:48:18-04:00,187,1013816,1559105,0,0,0,0,3279444,36554472,12492,3104352,0.02,0.02,1
2026-09-19T19:48:18-04:00,187,1013816,1559105,0,0,1,0,3281784,36554472,12492,3104348,0.02,0.02,1
2026-09-19T19:48:19-04:00,188,1013816,1559105,0,0,0,0,3282540,36554472,12620,3104404,0.02,0.02,1
2026-09-19T19:48:19-04:00,188,1013816,1559105,0,0,0,0,3285684,36554472,12420,3104404,0.02,0.02,1
2026-09-19T19:48:20-04:00,189,1013824,1559105,8,0,2,0,3285176,36554472,12420,3104404,0.02,0.02,1
2026-09-19T19:48:20-04:00,189,1013824,1559105,0,0,0,0,3286544,36554472,12420,3104404,0.02,0.02,1
2026-09-19T19:48:21-04:00,190,1013824,1559105,0,0,0,0,3287192,36554472,12420,3104404,0.02,0.02,1
2026-09-19T19:48:21-04:00,190,1013824,1559105,0,0,0,0,3287848,36554472,12420,3104404,0.02,0.02,1
2026-09-19T19:48:22-04:00,191,1013824,1559105,0,0,0,0,3287308,36554472,4152,3104448,0.01,0.01,1
2026-09-19T19:48:22-04:00,191,1013844,1559105,20,0,31,0,3288848,36554472,4152,3105500,0.01,0.01,1
2026-09-19T19:48:23-04:00,192,1013844,1559105,0,0,0,0,3290136,36554472,3560,3105532,0.01,0.01,1
2026-09-19T19:48:23-04:00,192,1013844,1559105,0,0,0,0,3287436,36554472,3560,3105532,0.01,0.01,1
2026-09-19T19:48:24-04:00,193,1013844,1559105,0,0,0,0,3288076,36554472,3560,3105532,0.01,0.01,1
2026-09-19T19:48:24-04:00,193,1013850,1559105,6,0,6,0,3288924,36554472,3692,3105664,0.01,0.01,1
2026-09-19T19:48:25-04:00,194,1013850,1559105,0,0,0,0,3289828,36554472,3692,3105664,0.01,0.01,1
2026-09-19T19:48:25-04:00,194,1013850,1559105,0,0,0,0,3290784,36554472,3692,3105664,0.01,0.01,1
2026-09-19T19:48:26-04:00,195,1013850,1559105,0,0,0,0,3292176,36554472,3696,3105668,0.01,0.01,1
2026-09-19T19:48:26-04:00,195,1013850,1559105,0,0,0,0,3291884,36554472,3696,3105668,0.01,0.01,1
2026-09-19T19:48:27-04:00,196,1013850,1559105,0,0,0,0,3294100,36554472,2688,3105660,0.01,0.01,1
2026-09-19T19:48:27-04:00,196,1013850,1559105,0,0,0,0,3292412,36554472,2688,3105660,0.01,0.01,1
2026-09-19T19:48:28-04:00,197,1013850,1559105,0,0,0,0,3293072,36554472,484,3105692,0.01,0.01,1
2026-09-19T19:48:28-04:00,197,1013851,1559105,1,0,1,0,3294316,36554472,480,3105692,0.01,0.01,1
2026-09-19T19:48:29-04:00,198,1013851,1559105,0,0,0,0,3294604,36554472,500,3105692,0.01,0.01,1
2026-09-19T19:48:29-04:00,198,1013851,1559105,0,0,1,0,3292640,36554472,536,3105692,0.00,0.00,1
2026-09-19T19:48:30-04:00,199,1013851,1559105,0,0,0,0,3294264,36554472,536,3105692,0.00,0.00,1
2026-09-19T19:48:30-04:00,199,1013851,1559105,0,0,0,0,3296204,36554472,520,3105692,0.00,0.00,1
2026-09-19T19:48:31-04:00,200,1013851,1559105,0,0,0,0,3296692,36554472,520,3105692,0.00,0.00,1
2026-09-19T19:48:31-04:00,200,1013851,1559105,0,0,0,0,3295588,36554472,520,3105692,0.00,0.00,1
2026-09-19T19:48:32-04:00,201,1013851,1559105,0,0,0,0,3297496,36554472,520,3105692,0.00,0.00,1
2026-09-19T19:48:32-04:00,201,1013851,1559105,0,0,0,0,3297812,36554472,520,3105692,0.00,0.00,1
2026-09-19T19:48:33-04:00,202,1013860,1559105,9,0,7,0,3298588,36554472,520,3105684,0.00,0.00,1
2026-09-19T19:48:33-04:00,202,1013860,1559105,0,0,0,0,3296908,36554472,448,3105692,0.00,0.00,1
2026-09-19T19:48:34-04:00,203,1013860,1559105,0,0,0,0,3298444,36554472,448,3105692,0.00,0.00,1
2026-09-19T19:48:34-04:00,203,1013860,1559105,0,0,0,0,3299432,36554472,448,3105692,0.00,0.00,1
2026-09-19T19:48:35-04:00,204,1013860,1559105,0,0,0,0,3299540,36554472,452,3105696,0.00,0.00,1
2026-09-19T19:48:36-04:00,205,1013860,1559105,0,0,0,0,3300940,36554472,444,3105696,0.00,0.00,1
2026-09-19T19:48:36-04:00,205,1013860,1559105,0,0,0,0,3302892,36554472,440,3105696,0.00,0.00,1
2026-09-19T19:48:37-04:00,206,1013860,1559105,0,0,0,0,3302972,36554472,440,3105696,0.00,0.00,1
2026-09-19T19:48:37-04:00,206,1013860,1559105,0,0,0,0,3301764,36554472,440,3105696,0.00,0.00,1
2026-09-19T19:48:38-04:00,207,1013860,1559105,0,0,0,0,3302536,36554472,440,3105696,0.00,0.00,1
2026-09-19T19:48:38-04:00,207,1013866,1559105,6,0,4,0,3301792,36554472,440,3105696,0.00,0.00,1
2026-09-19T19:48:39-04:00,208,1013866,1559105,0,0,0,0,3303308,36554472,440,3105696,0.00,0.00,1
2026-09-19T19:48:39-04:00,208,1013866,1559105,0,0,0,0,3301316,36554472,440,3105688,0.00,0.00,1
2026-09-19T19:48:40-04:00,209,1013951,1559105,85,0,60,0,3301768,36554472,456,3105696,0.00,0.00,1
2026-09-19T19:48:40-04:00,209,1013951,1559105,0,0,0,0,3302216,36554472,460,3105696,0.00,0.00,1
2026-09-19T19:48:41-04:00,210,1013951,1559105,0,0,0,0,3304308,36554472,460,3105696,0.00,0.00,1
2026-09-19T19:48:41-04:00,210,1013951,1559105,0,0,0,0,3303012,36554472,460,3105696,0.00,0.00,1
2026-09-19T19:48:42-04:00,211,1013951,1559105,0,0,0,0,3303068,36554472,460,3105696,0.00,0.00,1
2026-09-19T19:48:42-04:00,211,1013951,1559105,0,0,0,0,3305376,36554472,460,3105696,0.00,0.00,1
2026-09-19T19:48:43-04:00,212,1013951,1559105,0,0,0,0,3304728,36554472,464,3105696,0.00,0.00,1
2026-09-19T19:48:43-04:00,212,1013951,1559105,0,0,0,0,3302892,36554472,464,3105696,0.00,0.00,1
2026-09-19T19:48:44-04:00,213,1013951,1559105,0,0,0,0,3304528,36554472,464,3105696,0.00,0.00,1
2026-09-19T19:48:44-04:00,213,1013951,1559105,0,0,0,0,3306232,36554472,464,3105696,0.00,0.00,1
2026-09-19T19:48:45-04:00,214,1013951,1559105,0,0,0,0,3308032,36554472,464,3105696,0.00,0.00,1
2026-09-19T19:48:45-04:00,214,1013951,1559105,0,0,0,0,3306172,36554472,464,3105696,0.00,0.00,1
2026-09-19T19:48:46-04:00,215,1013951,1559105,0,0,0,0,3305652,36554472,464,3105696,0.00,0.00,1
2026-09-19T19:48:46-04:00,215,1013951,1559105,0,0,0,0,3306308,36554472,468,3105700,0.00,0.00,1
2026-09-19T19:48:47-04:00,216,1013969,1559105,18,0,18,0,3307084,36554472,460,3106192,0.00,0.00,1
2026-09-19T19:48:47-04:00,216,1013969,1559105,0,0,0,0,3305556,36554472,460,3106192,0.00,0.00,1
2026-09-19T19:48:48-04:00,217,1013985,1559105,16,0,20,0,3306480,36554472,160,3106544,0.00,0.00,1
2026-09-19T19:48:48-04:00,217,1014019,1559105,34,0,82,0,3309128,36554472,12,3147124,0.00,0.00,1
2026-09-19T19:48:49-04:00,218,1014035,1559105,16,0,52,0,3308572,36554472,16,3162584,0.00,0.00,1
2026-09-19T19:48:49-04:00,218,1014046,1559105,11,0,4,0,3307644,36554472,16,3162636,0.36,0.36,1
2026-09-19T19:48:50-04:00,219,1014046,1559105,0,0,0,0,3307752,36554472,16,3162636,0.36,0.36,1
2026-09-19T19:48:50-04:00,219,1014046,1559105,0,0,0,0,3307188,36554472,16,3162636,0.36,0.36,1
2026-09-19T19:48:51-04:00,220,1014046,1559105,0,0,0,0,3305624,36554472,16,3162636,0.36,0.36,1
2026-09-19T19:48:51-04:00,220,1014046,1559105,0,0,0,0,3304596,36554472,48,3162636,0.29,0.29,1
2026-09-19T19:48:52-04:00,221,1014046,1559105,0,0,0,0,3303348,36554472,48,3162636,0.29,0.29,1
2026-09-19T19:48:52-04:00,221,1014046,1559105,0,0,0,0,3303700,36554472,48,3162636,0.29,0.29,1
2026-09-19T19:48:53-04:00,222,1014046,1559105,0,0,0,0,3304904,36554472,48,3162636,0.29,0.29,1
2026-09-19T19:48:54-04:00,222,1014046,1559105,0,0,0,0,3303408,36554472,48,3162636,0.24,0.24,1
2026-09-19T19:48:54-04:00,223,1014046,1559105,0,0,0,0,3302844,36554472,52,3162636,0.24,0.24,1
2026-09-19T19:48:55-04:00,224,1014046,1559105,0,0,0,0,3304416,36554472,52,3162636,0.24,0.24,1
2026-09-19T19:48:55-04:00,224,1014046,1559105,0,0,0,0,3304320,36554472,52,3162636,0.24,0.24,1
2026-09-19T19:48:56-04:00,225,1014072,1559105,26,0,40,0,3305900,36554472,52,3164156,0.19,0.19,1
2026-09-19T19:48:56-04:00,225,1014072,1559105,0,0,0,0,3306392,36554472,52,3164156,0.19,0.19,1
2026-09-19T19:48:57-04:00,226,1014076,1559105,4,0,3,0,3307360,36554472,56,3164156,0.19,0.19,1
2026-09-19T19:48:57-04:00,226,1014076,1559105,0,0,0,0,3307588,36554472,56,3164156,0.19,0.19,1
2026-09-19T19:48:58-04:00,227,1014076,1559105,0,0,0,0,3307384,36554472,56,3164156,0.16,0.16,1
2026-09-19T19:48:58-04:00,227,1014078,1559105,2,0,1,0,3307044,36554472,56,3164156,0.16,0.16,1
2026-09-19T19:48:59-04:00,228,1014078,1559105,0,0,0,0,3309448,36554472,56,3164156,0.16,0.16,1
2026-09-19T19:48:59-04:00,228,1014088,1559105,10,0,6,0,3307360,36554472,56,3164284,0.16,0.16,1
2026-09-19T19:49:00-04:00,229,1015484,1559105,1396,0,1355,0,3307176,36554500,424,3167720,0.13,0.13,1
2026-09-19T19:49:00-04:00,229,1015631,1559105,147,0,140,0,3304568,36554500,424,3169832,0.13,0.13,1
2026-09-19T19:49:01-04:00,230,1015977,1559105,346,0,288,0,3302176,36554504,444,3170260,0.13,0.13,1
2026-09-19T19:49:01-04:00,230,1015979,1559105,2,0,2,0,3300412,36554504,444,3170260,0.13,0.13,1
2026-09-19T19:49:02-04:00,231,1015979,1559105,0,0,0,0,3298948,36554504,444,3170260,0.10,0.10,1
2026-09-19T19:49:02-04:00,231,1015979,1559105,0,0,0,0,3297700,36554504,444,3170260,0.10,0.10,1
2026-09-19T19:49:03-04:00,232,1015979,1559105,0,0,0,0,3297848,36554504,444,3170260,0.10,0.10,1
2026-09-19T19:49:03-04:00,232,1015979,1559105,0,0,0,0,3297320,36554504,444,3170260,0.10,0.10,1
2026-09-19T19:49:04-04:00,233,1015979,1559105,0,0,0,0,3297768,36554504,444,3170260,0.08,0.08,1
2026-09-19T19:49:04-04:00,233,1015979,1559105,0,0,0,0,3298172,36554504,444,3170260,0.08,0.08,1
2026-09-19T19:49:05-04:00,234,1015979,1559105,0,0,0,0,3299260,36554504,444,3170252,0.08,0.08,1
2026-09-19T19:49:05-04:00,234,1015979,1559105,0,0,0,0,3297936,36554504,444,3170252,0.07,0.07,1
2026-09-19T19:49:06-04:00,235,1015979,1559105,0,0,0,0,3296844,36554504,448,3170260,0.07,0.07,1
2026-09-19T19:49:06-04:00,235,1015979,1559105,0,0,0,0,3297336,36554504,440,3170260,0.07,0.07,1
2026-09-19T19:49:07-04:00,236,1015979,1559105,0,0,0,0,3298156,36554504,444,3170260,0.07,0.07,1
2026-09-19T19:49:07-04:00,236,1015979,1559105,0,0,0,0,3297228,36554504,444,3170260,0.05,0.05,1
2026-09-19T19:49:08-04:00,237,1015982,1559105,3,0,2,0,3297660,36554504,456,3170260,0.05,0.05,1
2026-09-19T19:49:08-04:00,237,1015982,1559105,0,0,0,0,3298808,36554504,460,3170264,0.05,0.05,1
2026-09-19T19:49:09-04:00,238,1015982,1559105,0,0,0,0,3296976,36554504,460,3170264,0.05,0.05,1
2026-09-19T19:49:09-04:00,238,1015993,1559105,11,0,5,0,3296684,36554504,460,3170264,0.04,0.04,1
2026-09-19T19:49:10-04:00,239,1016492,1559105,499,0,353,0,3295800,36554584,460,3170264,0.04,0.04,1
2026-09-19T19:49:10-04:00,239,1016492,1559105,0,0,0,0,3294628,36554584,460,3170264,0.04,0.04,1
2026-09-19T19:49:11-04:00,240,1016492,1559105,0,0,0,0,3295212,36554584,460,3170264,0.04,0.04,1
2026-09-19T19:49:12-04:00,240,1016492,1559105,0,0,0,0,3296296,36554584,460,3170264,0.03,0.03,1
2026-09-19T19:49:12-04:00,241,1016492,1559105,0,0,0,0,3296296,36554584,460,3170264,0.03,0.03,1
2026-09-19T19:49:13-04:00,242,1016492,1559105,0,0,0,0,3297192,36554584,460,3170264,0.03,0.03,1
2026-09-19T19:49:13-04:00,242,1016492,1559105,0,0,0,0,3298024,36554584,456,3170264,0.03,0.03,1
2026-09-19T19:49:14-04:00,243,1016492,1559105,0,0,0,0,3297932,36554584,456,3170264,0.03,0.03,1
2026-09-19T19:49:14-04:00,243,1016492,1559105,0,0,0,0,3298256,36554584,456,3170264,0.03,0.03,1
2026-09-19T19:49:15-04:00,244,1016492,1559105,0,0,0,0,3299028,36554584,456,3170264,0.03,0.03,1
2026-09-19T19:49:15-04:00,244,1016492,1559105,0,0,0,0,3295844,36554584,456,3170264,0.03,0.03,1
2026-09-19T19:49:16-04:00,245,1016492,1559105,0,0,624,0,3287548,36554584,1416,3240168,0.02,0.02,1
2026-09-19T19:49:16-04:00,245,1016492,1559105,0,0,0,0,3287028,36554584,1416,3240168,0.02,0.02,1
2026-09-19T19:49:17-04:00,246,1016492,1559105,0,0,1,0,3287140,36554584,1420,3240248,0.02,0.02,1
2026-09-19T19:49:17-04:00,246,1016492,1559105,0,0,0,0,3283600,36554584,1424,3240248,0.02,0.02,1
2026-09-19T19:49:18-04:00,247,1016492,1559105,0,0,1,0,3284556,36554584,1428,3240252,0.02,0.02,1
2026-09-19T19:49:18-04:00,247,1016492,1559105,0,0,0,0,3284568,36554584,1428,3240252,0.02,0.02,1
2026-09-19T19:49:19-04:00,248,1016492,1559105,0,0,0,0,3285480,36554584,1444,3240252,0.02,0.02,1
2026-09-19T19:49:19-04:00,248,1016494,1559105,2,0,2,0,3283472,36554584,1444,3240252,0.02,0.02,1
2026-09-19T19:49:20-04:00,249,1016495,1559105,1,0,1,0,3283712,36554584,1444,3240252,0.01,0.01,1
2026-09-19T19:49:20-04:00,249,1016495,1559105,0,0,0,0,3284292,36554584,1448,3240256,0.01,0.01,1
2026-09-19T19:49:21-04:00,250,1016495,1559105,0,0,0,0,3284620,36554584,1448,3240256,0.01,0.01,1
2026-09-19T19:49:21-04:00,250,1016495,1559105,0,0,0,0,3282356,36554584,1448,3240256,0.01,0.01,1
2026-09-19T19:49:22-04:00,251,1016703,1559105,208,0,283,0,3282960,36554588,1384,3249004,0.01,0.01,1
2026-09-19T19:49:22-04:00,251,1016705,1559105,2,0,2,0,3287364,36554592,1384,3249004,0.01,0.01,1
