source,monotonic,seconds_from_constructor,phase,pressure_bytes,mem_available_bytes,cgroup_current_bytes,completed_v5_parameters,completed_v5_host_bytes,completed_v5_device_bytes,next_bytes
host-memory-samples.jsonl,356937.400557763,-151.80896604602458,runtime_startup,5604216832,118574915584,,0,0,0,
host-memory-samples.jsonl,356937.402555795,-151.80696801404702,runtime_startup,5604216832,118574915584,,0,0,0,
host-memory-samples.jsonl,356937.902454539,-151.30706926999846,runtime_startup,5650374656,118528757760,31043584,0,0,0,
host-memory-samples.jsonl,356938.402569678,-150.80695413105423,runtime_startup,5628837888,118550294528,124092416,0,0,0,
host-memory-samples.jsonl,356938.902627898,-150.3068959110533,runtime_startup,5539651584,118639480832,446402560,0,0,0,
host-memory-samples.jsonl,356939.402737442,-149.80678636702942,runtime_startup,5507194880,118671937536,700076032,0,0,0,
host-memory-samples.jsonl,356939.902798083,-149.30672572599724,runtime_startup,5588983808,118590148608,763293696,0,0,0,
host-memory-samples.jsonl,356940.402891814,-148.80663199501578,runtime_startup,5865259008,118313873408,865112064,0,0,0,
host-memory-samples.jsonl,356940.902976807,-148.30654700205196,runtime_startup,5884989440,118294142976,893100032,0,0,0,
host-memory-samples.jsonl,356941.403073399,-147.80645041004755,runtime_startup,5617500160,118561632256,909930496,0,0,0,
host-memory-samples.jsonl,356941.903168838,-147.30635497102048,runtime_startup,5900595200,118278537216,944275456,0,0,0,
host-memory-samples.jsonl,356942.403206645,-146.80631716403877,runtime_startup,5965164544,118213967872,1025486848,0,0,0,
host-memory-samples.jsonl,356942.903317229,-146.30620658001862,runtime_startup,5978370048,118200762368,1042223104,0,0,0,
host-memory-samples.jsonl,356943.403417951,-145.80610585800605,runtime_startup,6008840192,118170292224,1073680384,0,0,0,
host-memory-samples.jsonl,356943.903510847,-145.30601296201348,runtime_startup,6015459328,118163673088,1086197760,0,0,0,
host-memory-samples.jsonl,356944.403600134,-144.8059236750123,runtime_startup,6028029952,118151102464,1104908288,0,0,0,
host-memory-samples.jsonl,356944.903690622,-144.30583318701247,runtime_startup,5829222400,118349910016,1126559744,0,0,0,
host-memory-samples.jsonl,356945.403791586,-143.80573222303065,runtime_startup,6333988864,117845143552,1133912064,0,0,0,
host-memory-samples.jsonl,356945.903865229,-143.30565858003683,runtime_startup,6372536320,117806596096,1147838464,0,0,0,
host-memory-samples.jsonl,356946.403961611,-142.80556219804566,runtime_startup,6355718144,117823414272,1168777216,0,0,0,
host-memory-samples.jsonl,356946.904055788,-142.3054680210189,runtime_startup,6353158144,117825974272,1178714112,0,0,0,
host-memory-samples.jsonl,356947.404114967,-141.80540884204675,runtime_startup,6343864320,117835268096,1188577280,0,0,0,
host-memory-samples.jsonl,356947.904221433,-141.30530237604398,runtime_startup,6343413760,117835718656,1199403008,0,0,0,
host-memory-samples.jsonl,356948.404303581,-140.8052202280378,runtime_startup,5971058688,118208073728,1226121216,0,0,0,
host-memory-samples.jsonl,356948.904395917,-140.30512789200293,runtime_startup,6329344000,117849788416,1268539392,0,0,0,
host-memory-samples.jsonl,356949.404489132,-139.80503467703238,runtime_startup,6372433920,117806698496,1280892928,0,0,0,
host-memory-samples.jsonl,356949.918132965,-139.2913908440387,runtime_startup,6370766848,117808365568,1305772032,0,0,0,
host-memory-samples.jsonl,356950.409740031,-138.79978377802763,runtime_startup,6353653760,117825478656,1339658240,0,0,0,
host-memory-samples.jsonl,356950.909834544,-138.29968926502625,runtime_startup,6337904640,117841227776,1375633408,0,0,0,
host-memory-samples.jsonl,356951.4099324,-137.79959140904248,runtime_startup,6329630720,117849501696,1412849664,0,0,0,
host-memory-samples.jsonl,356951.910023923,-137.29949988605222,runtime_startup,5888819200,118290313216,1422540800,0,0,0,
host-memory-samples.jsonl,356952.410066411,-136.79945739801042,runtime_startup,5914550272,118264582144,1492013056,0,0,0,
host-memory-samples.jsonl,356952.910281392,-136.29924241703702,runtime_startup,6069256192,118109876224,1515204608,0,0,0,
host-memory-samples.jsonl,356953.410358672,-135.79916513705393,runtime_startup,6330310656,117848821760,1546506240,0,0,0,
host-memory-samples.jsonl,356953.910383291,-135.29914051800733,runtime_startup,6323884032,117855248384,1554976768,0,0,0,
host-memory-samples.jsonl,356954.410473011,-134.79905079799937,runtime_startup,6318813184,117860319232,1568980992,0,0,0,
host-memory-samples.jsonl,356954.91053669,-134.29898711905116,runtime_startup,6320533504,117858598912,1574699008,0,0,0,
host-memory-samples.jsonl,356955.410650641,-133.79887316800887,runtime_startup,6294245376,117884887040,1641615360,0,0,0,
host-memory-samples.jsonl,356955.910725508,-133.29879830102436,runtime_startup,6273826816,117905305600,1730904064,0,0,0,
host-memory-samples.jsonl,356956.410816161,-132.7987076480058,runtime_startup,5906874368,118272258048,1747304448,0,0,0,
host-memory-samples.jsonl,356956.910879242,-132.2986445670249,runtime_startup,5890416640,118288715776,1786552320,0,0,0,
host-memory-samples.jsonl,356957.410992755,-131.79853105405346,runtime_startup,6186348544,117992783872,1823932416,0,0,0,
host-memory-samples.jsonl,356957.911089976,-131.29843383299885,runtime_startup,6340284416,117838848000,1874214912,0,0,0,
host-memory-samples.jsonl,356958.411175442,-130.79834836703958,runtime_startup,6473760768,117705371648,2032128000,0,0,0,
host-memory-samples.jsonl,356958.91129957,-130.29822423902806,runtime_startup,6258053120,117921079296,2083581952,0,0,0,
host-memory-samples.jsonl,356959.411321443,-129.79820236604428,runtime_startup,6278184960,117900947456,2109849600,0,0,0,
host-memory-samples.jsonl,356959.91143109,-129.29809271905106,runtime_startup,6474207232,117704925184,2123546624,0,0,0,
host-memory-samples.jsonl,356960.411495109,-128.7980287000537,runtime_startup,6648131584,117531000832,2128666624,0,0,0,
host-memory-samples.jsonl,356960.911586377,-128.297937432013,runtime_startup,6648840192,117530292224,2150559744,0,0,0,
host-memory-samples.jsonl,356961.411678174,-127.79784563503927,runtime_startup,6651281408,117527851008,2163097600,0,0,0,
host-memory-samples.jsonl,356961.911762927,-127.29776088200742,runtime_startup,6678454272,117500678144,2189946880,0,0,0,
host-memory-samples.jsonl,356962.411851804,-126.79767200502101,runtime_startup,6472331264,117706801152,2199973888,0,0,0,
host-memory-samples.jsonl,356962.911926915,-126.29759689403,runtime_startup,6470451200,117708681216,2212048896,0,0,0,
host-memory-samples.jsonl,356963.4120478,-125.79747600900009,runtime_startup,6542729216,117636403200,2228056064,0,0,0,
host-memory-samples.jsonl,356963.912090345,-125.2974334640312,runtime_startup,6707363840,117471768576,2231455744,0,0,0,
host-memory-samples.jsonl,356964.417438636,-124.79208517301595,runtime_startup,6720569344,117458563072,2238418944,0,0,0,
host-memory-samples.jsonl,356964.917362074,-124.29216173500754,runtime_startup,6573862912,117605269504,2254667776,0,0,0,
host-memory-samples.jsonl,356965.417457473,-123.79206633602735,runtime_startup,6565449728,117613682688,2255978496,0,0,0,
host-memory-samples.jsonl,356965.917549414,-123.29197439504787,runtime_startup,6568235008,117610897408,2264043520,0,0,0,
host-memory-samples.jsonl,356966.417641383,-122.79188242601231,runtime_startup,6582407168,117596725248,2279047168,0,0,0,
host-memory-samples.jsonl,356966.917652308,-122.29187150101643,runtime_startup,6585511936,117593620480,2300530688,0,0,0,
host-memory-samples.jsonl,356967.417776905,-121.79174690402579,runtime_startup,6594002944,117585129472,2311536640,0,0,0,
host-memory-samples.jsonl,356967.917873156,-121.29165065300185,runtime_startup,6626750464,117552381952,2350206976,0,0,0,
host-memory-samples.jsonl,356968.417967072,-120.79155673703644,runtime_startup,6612922368,117566210048,2351517696,0,0,0,
host-memory-samples.jsonl,356968.918038223,-120.29148558602901,runtime_startup,6633033728,117546098688,2371141632,0,0,0,
host-memory-samples.jsonl,356969.418198038,-119.791325771017,runtime_startup,6643564544,117535567872,2384977920,0,0,0,
host-memory-samples.jsonl,356969.9182394,-119.2912844090024,runtime_startup,6665240576,117513891840,2400047104,0,0,0,
host-memory-samples.jsonl,356970.418328969,-118.79119484004332,runtime_startup,6668337152,117510795264,2401816576,0,0,0,
host-memory-samples.jsonl,356970.918411855,-118.2911119540222,runtime_startup,6668034048,117511098368,2412896256,0,0,0,
host-memory-samples.jsonl,356971.418493396,-117.7910304130055,runtime_startup,6662660096,117516472320,2428706816,0,0,0,
host-memory-samples.jsonl,356971.918563464,-117.29096034500981,runtime_startup,6662144000,117516988416,2444480512,0,0,0,
host-memory-samples.jsonl,356972.418670419,-116.79085339000449,runtime_startup,6653091840,117526040576,2470584320,0,0,0,
host-memory-samples.jsonl,356972.918761994,-116.29076181503478,runtime_startup,6662488064,117516644352,2493460480,0,0,0,
host-memory-samples.jsonl,356973.418832577,-115.7906912320177,runtime_startup,6667505664,117511626752,2509471744,0,0,0,
host-memory-samples.jsonl,356973.918932554,-115.29059125500498,runtime_startup,6691876864,117487255552,2599292928,0,0,0,
host-memory-samples.jsonl,356974.419018933,-114.79050487600034,runtime_startup,6806392832,117372739584,2709454848,0,0,0,
host-memory-samples.jsonl,356974.91910521,-114.29041859903373,runtime_startup,6920785920,117258346496,2802233344,0,0,0,
host-memory-samples.jsonl,356975.419199881,-113.79032392799854,runtime_startup,6976512000,117202620416,2857218048,0,0,0,
host-memory-samples.jsonl,356975.919278862,-113.29024494701298,runtime_startup,6977736704,117201395712,2876231680,0,0,0,
host-memory-samples.jsonl,356976.419349844,-112.7901739650406,runtime_startup,6631251968,117547880448,2641108992,0,0,0,
host-memory-samples.jsonl,356976.919446344,-112.29007746500429,runtime_startup,6704373760,117474758656,2718494720,0,0,0,
host-memory-samples.jsonl,356977.419539936,-111.78998387302272,runtime_startup,6813396992,117365735424,2829643776,0,0,0,
host-memory-samples.jsonl,356977.919639718,-111.28988409100566,runtime_startup,6903562240,117275570176,2925060096,0,0,0,
host-memory-samples.jsonl,356978.419780465,-110.78974334400846,runtime_startup,6703710208,117475422208,2683301888,0,0,0,
host-memory-samples.jsonl,356978.941697029,-110.26782678003656,runtime_startup,6728912896,117450219520,2814103552,0,0,0,
host-memory-samples.jsonl,356979.424980101,-109.78454370802501,runtime_startup,6802710528,117376421888,2906112000,0,0,0,
host-memory-samples.jsonl,356979.925083963,-109.28443984600017,runtime_startup,6786752512,117392379904,2668244992,0,0,0,
host-memory-samples.jsonl,356980.425171803,-108.78435200604144,runtime_startup,6777978880,117401153536,2672697344,0,0,0,
host-memory-samples.jsonl,356980.925257338,-108.28426647104789,runtime_startup,6778073088,117401059328,2672685056,0,0,0,
host-memory-samples.jsonl,356981.425403795,-107.78412001405377,runtime_startup,6710894592,117468237824,2680369152,0,0,0,
host-memory-samples.jsonl,356981.925610082,-107.28391372703481,runtime_startup,6043222016,118135910400,1996824576,0,0,0,
host-memory-samples.jsonl,356982.425559736,-106.78396407305263,runtime_startup,6031527936,118147604480,2002067456,0,0,0,
host-memory-samples.jsonl,356982.925705487,-106.28381832200103,runtime_startup,6051811328,118127321088,2020818944,0,0,0,
host-memory-samples.jsonl,356983.425730137,-105.78379367204616,runtime_startup,6189674496,117989457920,2065006592,0,0,0,
host-memory-samples.jsonl,356983.925835979,-105.28368783002952,runtime_startup,6366638080,117812494336,2275856384,0,0,0,
host-memory-samples.jsonl,356984.425914778,-104.7836090310011,runtime_startup,6382354432,117796777984,2328858624,0,0,0,
host-memory-samples.jsonl,356984.926022269,-104.28350154001964,runtime_startup,6530990080,117648142336,2483548160,0,0,0,
host-memory-samples.jsonl,356985.42626843,-103.78325537900673,runtime_startup,6572642304,117606490112,2528428032,0,0,0,
host-memory-samples.jsonl,356985.926160662,-103.28336314699845,runtime_startup,6593978368,117585154048,2553597952,0,0,0,
host-memory-samples.jsonl,356986.426263399,-102.78326041001128,runtime_startup,6606979072,117572153344,2565746688,0,0,0,
host-memory-samples.jsonl,356986.926357288,-102.28316652105423,runtime_startup,6616498176,117562634240,2577485824,0,0,0,
host-memory-samples.jsonl,356987.426444692,-101.78307911701268,runtime_startup,6631804928,117547327488,2600275968,0,0,0,
host-memory-samples.jsonl,356987.926504473,-101.28301933599869,runtime_startup,6639079424,117540052992,2610655232,0,0,0,
host-memory-samples.jsonl,356988.426595962,-100.7829278470017,runtime_startup,6667304960,117511827456,2638446592,0,0,0,
host-memory-samples.jsonl,356988.92665635,-100.28286745899823,runtime_startup,6673334272,117505798144,2651885568,0,0,0,
host-memory-samples.jsonl,356989.426744098,-99.7827797110076,runtime_startup,6666133504,117512998912,2657533952,0,0,0,
host-memory-samples.jsonl,356989.926842244,-99.28268156503327,runtime_startup,6681608192,117497524224,2672029696,0,0,0,
host-memory-samples.jsonl,356990.426930239,-98.78259357000934,runtime_startup,6646554624,117532577792,2678300672,0,0,0,
host-memory-samples.jsonl,356990.952315528,-98.25720828102203,runtime_startup,6650675200,117528457216,2683838464,0,0,0,
host-memory-samples.jsonl,356991.432178311,-97.77734549803426,runtime_startup,6663643136,117515489280,2697003008,0,0,0,
host-memory-samples.jsonl,356991.932261252,-97.2772625570069,runtime_startup,6670483456,117508648960,2701553664,0,0,0,
host-memory-samples.jsonl,356992.432358196,-96.77716561302077,runtime_startup,6661259264,117517873152,2709872640,0,0,0,
host-memory-samples.jsonl,356992.9324446,-96.27707920904504,runtime_startup,6678876160,117500256256,2727796736,0,0,0,
host-memory-samples.jsonl,356993.432405224,-95.77711858501425,runtime_startup,6686449664,117492682752,2746945536,0,0,0,
host-memory-samples.jsonl,356993.932612762,-95.27691104705445,runtime_startup,6708301824,117470830592,2764054528,0,0,0,
host-memory-samples.jsonl,356994.432715731,-94.77680807805154,runtime_startup,6727438336,117451694080,2791866368,0,0,0,
host-memory-samples.jsonl,356994.932798481,-94.27672532800352,runtime_startup,6731321344,117447811072,2803625984,0,0,0,
host-memory-samples.jsonl,356995.432827307,-93.77669650199823,runtime_startup,6714048512,117465083904,2817937408,0,0,0,
host-memory-samples.jsonl,356995.932944157,-93.2765796520398,runtime_startup,6753980416,117425152000,2841255936,0,0,0,
host-memory-samples.jsonl,356996.43306392,-92.77645988902077,runtime_startup,6750457856,117428674560,2844196864,0,0,0,
host-memory-samples.jsonl,356996.933146032,-92.27637777704513,runtime_startup,6756941824,117422190592,2850754560,0,0,0,
host-memory-samples.jsonl,356997.433240895,-91.77628291404108,runtime_startup,6745100288,117434032128,2855600128,0,0,0,
host-memory-samples.jsonl,356997.933288358,-91.2762354510487,runtime_startup,6749638656,117429493760,2874654720,0,0,0,
host-memory-samples.jsonl,356998.433458529,-90.7760652800207,runtime_startup,6766632960,117412499456,2900656128,0,0,0,
host-memory-samples.jsonl,356998.933517861,-90.27600594802061,runtime_startup,6778060800,117401071616,2914304000,0,0,0,
host-memory-samples.jsonl,356999.433600454,-89.77592335501686,runtime_startup,6788542464,117390589952,2938220544,0,0,0,
host-memory-samples.jsonl,356999.933765642,-89.27575816703029,runtime_startup,6796361728,117382770688,2951876608,0,0,0,
host-memory-samples.jsonl,357000.433756589,-88.77576722000958,runtime_startup,6890676224,117288456192,2978009088,0,0,0,
host-memory-samples.jsonl,357000.933865557,-88.27565825200872,runtime_startup,6889013248,117290119168,2985086976,0,0,0,
host-memory-samples.jsonl,357001.433961208,-87.77556260104757,runtime_startup,6882103296,117297029120,2985078784,0,0,0,
host-memory-samples.jsonl,357001.934065464,-87.27545834501507,runtime_startup,6911037440,117268094976,2977308672,0,0,0,
host-memory-samples.jsonl,357002.43414962,-86.7753741890192,runtime_startup,6226096128,117953036288,2288492544,0,0,0,
host-memory-samples.jsonl,357002.934240226,-86.27528358303243,runtime_startup,6277165056,117901967360,2353184768,0,0,0,
host-memory-samples.jsonl,357003.434329108,-85.77519470104016,runtime_startup,6279901184,117899231232,2368638976,0,0,0,
host-memory-samples.jsonl,357003.934419991,-85.27510381804314,runtime_startup,6475513856,117703618560,2576519168,0,0,0,
host-memory-samples.jsonl,357004.434494302,-84.775029507,runtime_startup,6474244096,117704888320,2576510976,0,0,0,
host-memory-samples.jsonl,357004.934596143,-84.27492766600335,runtime_startup,6515523584,117663608832,2620289024,0,0,0,
host-memory-samples.jsonl,357005.465083893,-83.74443991604494,runtime_startup,6597320704,117581811712,2725163008,0,0,0,
host-memory-samples.jsonl,357005.939836359,-83.26968745002523,runtime_startup,6722183168,117456949248,2874425344,0,0,0,
host-memory-samples.jsonl,357006.439924538,-82.76959927100688,runtime_startup,6736908288,117442224128,2920091648,0,0,0,
host-memory-samples.jsonl,357006.9400249,-82.26949890900869,runtime_startup,6789804032,117389328384,2959138816,0,0,0,
host-memory-samples.jsonl,357007.440116853,-81.76940695603844,runtime_startup,6806573056,117372559360,2974007296,0,0,0,
host-memory-samples.jsonl,357007.940103166,-81.26942064304603,runtime_startup,6808977408,117370155008,2979246080,0,0,0,
host-memory-samples.jsonl,357008.44026635,-80.76925745903281,runtime_startup,6836072448,117343059968,3003199488,0,0,0,
host-memory-samples.jsonl,357008.940349242,-80.26917456701631,runtime_startup,6851555328,117327577088,3016732672,0,0,0,
host-memory-samples.jsonl,357009.440453892,-79.76906991703436,runtime_startup,6891606016,117287526400,3046854656,0,0,0,
host-memory-samples.jsonl,357009.940471488,-79.26905232103309,runtime_startup,6892126208,117287006208,3052445696,0,0,0,
host-memory-samples.jsonl,357010.440517575,-78.76900623401161,runtime_startup,6900350976,117278781440,3064594432,0,0,0,
host-memory-samples.jsonl,357010.940666794,-78.26885701500578,runtime_startup,6919962624,117259169792,3080097792,0,0,0,
host-memory-samples.jsonl,357011.440897035,-77.76862677402096,runtime_startup,6920667136,117258465280,3085934592,0,0,0,
host-memory-samples.jsonl,357011.940840394,-77.26868341502268,runtime_startup,6929170432,117249961984,3094212608,0,0,0,
host-memory-samples.jsonl,357012.44091619,-76.7686076190439,runtime_startup,6947958784,117231173632,3112509440,0,0,0,
host-memory-samples.jsonl,357012.941029766,-76.26849404303357,runtime_startup,6947041280,117232091136,3115053056,0,0,0,
host-memory-samples.jsonl,357013.441113273,-75.76841053605312,runtime_startup,6946230272,117232902144,3118833664,0,0,0,
host-memory-samples.jsonl,357013.941191849,-75.26833196001826,runtime_startup,6961713152,117217419264,3134201856,0,0,0,
host-memory-samples.jsonl,357014.441269692,-74.76825411705067,runtime_startup,6979276800,117199855616,3153326080,0,0,0,
host-memory-samples.jsonl,357014.941404742,-74.26811906701187,runtime_startup,7002730496,117176401920,3171131392,0,0,0,
host-memory-samples.jsonl,357015.441528869,-73.76799494004808,runtime_startup,7026982912,117152149504,3200229376,0,0,0,
host-memory-samples.jsonl,357015.941561572,-73.26796223700512,runtime_startup,7031369728,117147762688,3207999488,0,0,0,
host-memory-samples.jsonl,357016.441654367,-72.76786944200285,runtime_startup,7047626752,117131505664,3224268800,0,0,0,
host-memory-samples.jsonl,357016.941748322,-72.2677754870383,runtime_startup,7068520448,117110611968,3256274944,0,0,0,
host-memory-samples.jsonl,357017.4418235,-71.76770030905027,runtime_startup,7095017472,117084114944,3248828416,0,0,0,
host-memory-samples.jsonl,357017.941917693,-71.2676061160164,runtime_startup,7117017088,117062115328,3258404864,0,0,0,
host-memory-samples.jsonl,357018.442019077,-70.76750473200809,runtime_startup,7139397632,117039734784,3275952128,0,0,0,
host-memory-samples.jsonl,357018.942111112,-70.26741269702325,runtime_startup,7155683328,117023449088,3291115520,0,0,0,
host-memory-samples.jsonl,357019.442199348,-69.7673244610196,runtime_startup,7171915776,117007216640,3312558080,0,0,0,
host-memory-samples.jsonl,357019.967558835,-69.24196497403318,runtime_startup,7185879040,116993253376,3326685184,0,0,0,
host-memory-samples.jsonl,357020.44740459,-68.76211921899812,runtime_startup,7214342144,116964790272,3351744512,0,0,0,
host-memory-samples.jsonl,357020.947495426,-68.26202838303288,runtime_startup,7228108800,116951023616,3369271296,0,0,0,
host-memory-samples.jsonl,357021.447588865,-67.76193494402105,runtime_startup,7317979136,116861153280,3464855552,0,0,0,
host-memory-samples.jsonl,357021.94768615,-67.26183765905444,runtime_startup,7409143808,116769988608,3582394368,0,0,0,
host-memory-samples.jsonl,357022.447764548,-66.7617592610186,runtime_startup,7452000256,116727132160,3625291776,0,0,0,
host-memory-samples.jsonl,357022.947850629,-66.26167318003718,runtime_startup,7463559168,116715573248,3643035648,0,0,0,
host-memory-samples.jsonl,357023.447939853,-65.7615839560167,runtime_startup,7478550528,116700581888,3654963200,0,0,0,
host-memory-samples.jsonl,357023.948023857,-65.26149995200103,runtime_startup,7481253888,116697878528,3667316736,0,0,0,
host-memory-samples.jsonl,357024.448090966,-64.76143284304999,runtime_startup,7506239488,116672892928,3689676800,0,0,0,
host-memory-samples.jsonl,357024.948199913,-64.26132389600389,runtime_startup,7500656640,116678475776,3703447552,0,0,0,
host-memory-samples.jsonl,357025.448295133,-63.76122867601225,runtime_startup,7874666496,116304465920,3727863808,0,0,0,
host-memory-samples.jsonl,357025.948351818,-63.26117199100554,runtime_startup,8122392576,116056739840,3741347840,0,0,0,
host-memory-samples.jsonl,357026.448422838,-62.76110097102355,runtime_startup,8143175680,116035956736,3757518848,0,0,0,
host-memory-samples.jsonl,357026.94848985,-62.26103395904647,runtime_startup,8143577088,116035555328,3760517120,0,0,0,
host-memory-samples.jsonl,357027.448618516,-61.76090529304929,runtime_startup,8074571776,116104560640,3768709120,0,0,0,
host-memory-samples.jsonl,357027.948691235,-61.26083257404389,runtime_startup,8143212544,116035919872,3774431232,0,0,0,
host-memory-samples.jsonl,357028.448787756,-60.760736053052824,runtime_startup,8045342720,116133789696,3775131648,0,0,0,
host-memory-samples.jsonl,357028.948877735,-60.26064607402077,runtime_startup,8179175424,115999956992,3792117760,0,0,0,
host-memory-samples.jsonl,357029.4489406,-59.76058320904849,runtime_startup,8213491712,115965640704,3795271680,0,0,0,
host-memory-samples.jsonl,357029.949025455,-59.26049835403683,runtime_startup,8218947584,115960184832,3800231936,0,0,0,
host-memory-samples.jsonl,357030.449146537,-58.7603772720322,runtime_startup,7980011520,116199120896,3815403520,0,0,0,
host-memory-samples.jsonl,357030.949239464,-58.26028434501495,runtime_startup,8189026304,115990106112,3835068416,0,0,0,
host-memory-samples.jsonl,357031.449318573,-57.76020523603074,runtime_startup,8268972032,115910160384,3850924032,0,0,0,
host-memory-samples.jsonl,357031.949398764,-57.260125045024324,runtime_startup,8294572032,115884560384,3879809024,0,0,0,
host-memory-samples.jsonl,357032.44950981,-56.76001399900997,runtime_startup,8188149760,115990982656,3889709056,0,0,0,
host-memory-samples.jsonl,357032.949608722,-56.25991508702282,runtime_startup,8269643776,115909488640,3903340544,0,0,0,
host-memory-samples.jsonl,357033.449696671,-55.759827138041146,runtime_startup,8173338624,116005793792,3930546176,0,0,0,
host-memory-samples.jsonl,357033.949786874,-55.25973693502601,runtime_startup,8282664960,115896467456,3931279360,0,0,0,
host-memory-samples.jsonl,357034.465036584,-54.74448722501984,runtime_startup,8338333696,115840798720,3931090944,0,0,0,
host-memory-samples.jsonl,357034.955020964,-54.25450284505496,runtime_startup,8344727552,115834404864,3942825984,0,0,0,
host-memory-samples.jsonl,357035.455105551,-53.754418258031365,runtime_startup,7959646208,116219486208,3960672256,0,0,0,
host-memory-samples.jsonl,357035.955199133,-53.25432467600331,runtime_startup,8150728704,116028403712,3986616320,0,0,0,
host-memory-samples.jsonl,357036.455270061,-52.75425374804763,runtime_startup,8400195584,115778936832,3996286976,0,0,0,
host-memory-samples.jsonl,357036.955289631,-52.254234178049956,runtime_startup,8425668608,115753463808,4021829632,0,0,0,
host-memory-samples.jsonl,357037.455429405,-51.75409440405201,runtime_startup,8593620992,115585511424,4206936064,0,0,0,
host-memory-samples.jsonl,357037.955516669,-51.254007139999885,runtime_startup,8617869312,115561263104,4279263232,0,0,0,
host-memory-samples.jsonl,357038.455616845,-50.753906964033376,runtime_startup,8669401088,115509731328,4338282496,0,0,0,
host-memory-samples.jsonl,357038.955691843,-50.25383196602343,runtime_startup,8716976128,115462156288,4357419008,0,0,0,
host-memory-samples.jsonl,357039.455785343,-49.75373846600996,runtime_startup,8904032256,115275100160,4544475136,0,0,0,
host-memory-samples.jsonl,357039.955873172,-49.25365063705249,runtime_startup,8710078464,115469053952,4629782528,0,0,0,
host-memory-samples.jsonl,357040.455979814,-48.75354399502976,runtime_startup,9157296128,115021836288,4644233216,0,0,0,
host-memory-samples.jsonl,357040.956085854,-48.25343795504887,runtime_startup,9388253184,114790879232,4669849600,0,0,0,
host-memory-samples.jsonl,357041.456137619,-47.753386190044694,runtime_startup,9407868928,114771263488,4681433088,0,0,0,
host-memory-samples.jsonl,357041.956229409,-47.253294399997685,runtime_startup,9323397120,114855735296,4694126592,0,0,0,
host-memory-samples.jsonl,357042.456294336,-46.75322947301902,runtime_startup,9599778816,114579353600,4709113856,0,0,0,
host-memory-samples.jsonl,357042.956390591,-46.253133218036965,runtime_startup,9597804544,114581327872,4713123840,0,0,0,
host-memory-samples.jsonl,357043.456466406,-45.753057403024286,runtime_startup,9428467712,114750664704,4723740672,0,0,0,
host-memory-samples.jsonl,357043.956565123,-45.2529586860328,runtime_startup,9430966272,114748166144,4725121024,0,0,0,
host-memory-samples.jsonl,357044.456643739,-44.75288007000927,runtime_startup,9420767232,114758365184,4728152064,0,0,0,
host-memory-samples.jsonl,357044.956717115,-44.252806694014,runtime_startup,9437741056,114741391360,4743352320,0,0,0,
host-memory-samples.jsonl,357045.456804745,-43.75271906401031,runtime_startup,9418575872,114760556544,4747354112,0,0,0,
host-memory-samples.jsonl,357045.956902423,-43.25262138602557,runtime_startup,9433927680,114745204736,4760637440,0,0,0,
host-memory-samples.jsonl,357046.456998386,-42.75252542301314,runtime_startup,9434234880,114744897536,4781858816,0,0,0,
host-memory-samples.jsonl,357046.957130686,-42.25239312305348,runtime_startup,9439985664,114739146752,4792885248,0,0,0,
host-memory-samples.jsonl,357047.457176472,-41.75234733702382,runtime_startup,9458573312,114720559104,4829683712,0,0,0,
host-memory-samples.jsonl,357047.957251751,-41.25227205804549,runtime_startup,9457647616,114721484800,4834398208,0,0,0,
host-memory-samples.jsonl,357048.457351605,-40.752172204025555,runtime_startup,9465376768,114713755648,4850331648,0,0,0,
host-memory-samples.jsonl,357048.982761317,-40.22676249203505,runtime_startup,9699106816,114480025600,4876484608,0,0,0,
host-memory-samples.jsonl,357049.462626439,-39.74689737003064,runtime_startup,9772392448,114406739968,4882386944,0,0,0,
host-memory-samples.jsonl,357049.962696012,-39.24682779703289,runtime_startup,9782947840,114396184576,4881211392,0,0,0,
host-memory-samples.jsonl,357050.462789818,-38.746733991021756,runtime_startup,9775820800,114403311616,4893442048,0,0,0,
host-memory-samples.jsonl,357050.962873524,-38.24665028502932,runtime_startup,9779294208,114399838208,4910915584,0,0,0,
host-memory-samples.jsonl,357051.468552668,-37.74097114102915,runtime_startup,9794269184,114384863232,4937650176,0,0,0,
host-memory-samples.jsonl,357051.968123335,-37.241400474042166,runtime_startup,9399881728,114779250688,4947574784,0,0,0,
host-memory-samples.jsonl,357052.468259044,-36.74126476503443,runtime_startup,9905942528,114273189888,4992389120,0,0,0,
host-memory-samples.jsonl,357052.968272672,-36.2412511370494,runtime_startup,10098634752,114080497664,5163233280,0,0,0,
host-memory-samples.jsonl,357053.468358284,-35.74116552504711,runtime_startup,10114621440,114064510976,5231812608,0,0,0,
host-memory-samples.jsonl,357053.968398138,-35.24112567101838,runtime_startup,10220494848,113958637568,5288808448,0,0,0,
host-memory-samples.jsonl,357054.468520185,-34.74100362404715,runtime_startup,10096226304,114082906112,5304963072,0,0,0,
host-memory-samples.jsonl,357054.968606012,-34.24091779702576,runtime_startup,10293030912,113886101504,5526200320,0,0,0,
host-memory-samples.jsonl,357055.468690165,-33.740833643998485,runtime_startup,10771914752,113407217664,5584822272,0,0,0,
host-memory-samples.jsonl,357055.968748187,-33.24077562202001,runtime_startup,10846015488,113333116928,5599121408,0,0,0,
host-memory-samples.jsonl,357056.468864207,-32.740659602044616,runtime_startup,10741743616,113437388800,5625786368,0,0,0,
host-memory-samples.jsonl,357056.968956781,-32.24056702799862,runtime_startup,11056201728,113122930688,5635563520,0,0,0,
host-memory-samples.jsonl,357057.469039094,-31.740484715031926,runtime_startup,11160788992,113018343424,5648027648,0,0,0,
host-memory-samples.jsonl,357057.969142465,-31.24038134404691,runtime_startup,11168952320,113010180096,5663920128,0,0,0,
host-memory-samples.jsonl,357058.469243109,-30.7402807000326,runtime_startup,11166887936,113012244480,5668032512,0,0,0,
host-memory-samples.jsonl,357058.969235138,-30.240288671047892,runtime_startup,11169959936,113009172480,5678940160,0,0,0,
host-memory-samples.jsonl,357059.469293059,-29.7402307500015,runtime_startup,11150553088,113028579328,5679042560,0,0,0,
host-memory-samples.jsonl,357059.969361528,-29.24016228102846,runtime_startup,11154681856,113024450560,5683208192,0,0,0,
host-memory-samples.jsonl,357060.469513303,-28.74001050600782,runtime_startup,11160088576,113019043840,5696827392,0,0,0,
host-memory-samples.jsonl,357060.96956114,-28.23996266903123,runtime_startup,11162173440,113016958976,5702017024,0,0,0,
host-memory-samples.jsonl,357061.469675791,-27.739848018041812,runtime_startup,11140837376,113038295040,5718421504,0,0,0,
host-memory-samples.jsonl,357061.969761076,-27.239762733050156,runtime_startup,11140837376,113038295040,5738455040,0,0,0,
host-memory-samples.jsonl,357062.469855577,-26.73966823203955,runtime_startup,11122339840,113056792576,5754458112,0,0,0,
host-memory-samples.jsonl,357062.969953222,-26.239570587000344,runtime_startup,11122393088,113056739328,5782622208,0,0,0,
host-memory-samples.jsonl,357063.470050715,-25.73947309399955,runtime_startup,11105869824,113073262592,5790687232,0,0,0,
host-memory-samples.jsonl,357063.970103924,-25.239419885037933,runtime_startup,11102285824,113076846592,5806149632,0,0,0,
host-memory-samples.jsonl,357064.470211533,-24.739312276011333,runtime_startup,11084468224,113094664192,5836193792,0,0,0,
host-memory-samples.jsonl,357064.970289224,-24.23923458502395,runtime_startup,11084726272,113094406144,5834420224,0,0,0,
host-memory-samples.jsonl,357065.470379397,-23.73914441204397,runtime_startup,10657751040,113521381376,5836906496,0,0,0,
host-memory-samples.jsonl,357065.970601968,-23.23892184102442,runtime_startup,10993946624,113185185792,5847552000,0,0,0,
host-memory-samples.jsonl,357066.47076749,-22.738756319042295,runtime_startup,10848444416,113330688000,5866921984,0,0,0,
host-memory-samples.jsonl,357066.970854924,-22.2386688850238,runtime_startup,10856165376,113322967040,5892022272,0,0,0,
host-memory-samples.jsonl,357067.470952966,-21.738570843008347,runtime_startup,10526076928,113653055488,5900881920,0,0,0,
host-memory-samples.jsonl,357067.971149682,-21.23837412701687,runtime_startup,10938281984,113240850432,5928140800,0,0,0,
host-memory-samples.jsonl,357068.471239435,-20.73828437400516,runtime_startup,11259125760,112920006656,6092562432,0,0,0,
host-memory-samples.jsonl,357068.97123473,-20.238289079046808,runtime_startup,11222810624,112956321792,6175895552,0,0,0,
host-memory-samples.jsonl,357069.471325923,-19.738197886035778,runtime_startup,11485483008,112693649408,6226505728,0,0,0,
host-memory-samples.jsonl,357069.971406444,-19.23811736505013,runtime_startup,11746213888,112432918528,6254395392,0,0,0,
host-memory-samples.jsonl,357070.471476895,-18.738046914048027,runtime_startup,11796443136,112382689280,6458621952,0,0,0,
host-memory-samples.jsonl,357070.971583954,-18.237939855025616,runtime_startup,11615608832,112563523584,6524940288,0,0,0,
host-memory-samples.jsonl,357071.471677235,-17.73784657404758,runtime_startup,11698638848,112480493568,6542233600,0,0,0,
host-memory-samples.jsonl,357071.97175748,-17.237766329024453,runtime_startup,11711025152,112468107264,6555299840,0,0,0,
host-memory-samples.jsonl,357072.471860536,-16.73766327300109,runtime_startup,11708293120,112470839296,6579408896,0,0,0,
host-memory-samples.jsonl,357072.971926552,-16.237597257015295,runtime_startup,11726839808,112452292608,6594273280,0,0,0,
host-memory-samples.jsonl,357073.472050565,-15.737473244022112,runtime_startup,11735846912,112443285504,6610567168,0,0,0,
host-memory-samples.jsonl,357073.972128339,-15.237395470030606,runtime_startup,11736092672,112443039744,6614372352,0,0,0,
host-memory-samples.jsonl,357074.472260133,-14.737263676011935,runtime_startup,11728879616,112450252800,6623875072,0,0,0,
host-memory-samples.jsonl,357074.972246232,-14.237277577049099,runtime_startup,11724681216,112454451200,6626562048,0,0,0,
host-memory-samples.jsonl,357075.472300949,-13.737222860043403,runtime_startup,11723186176,112455946240,6628888576,0,0,0,
host-memory-samples.jsonl,357075.972425104,-13.237098705023527,runtime_startup,11741478912,112437653504,6644207616,0,0,0,
host-memory-samples.jsonl,357076.472508361,-12.737015448044986,runtime_startup,11736494080,112442638336,6647586816,0,0,0,
host-memory-samples.jsonl,357076.972580266,-12.236943543015514,runtime_startup,11743178752,112435953664,6657642496,0,0,0,
host-memory-samples.jsonl,357077.472693506,-11.736830303038005,runtime_startup,11748134912,112430997504,6676582400,0,0,0,
host-memory-samples.jsonl,357077.99304591,-11.216477898997255,runtime_startup,11770093568,112409038848,6697046016,0,0,0,
host-memory-samples.jsonl,357078.477989903,-10.731533906015102,runtime_startup,12221829120,111957303296,6730711040,0,0,0,
host-memory-samples.jsonl,357078.978058155,-10.231465654040221,runtime_startup,12263264256,111915868160,6731759616,0,0,0,
host-memory-samples.jsonl,357079.478134189,-9.731389620050322,runtime_startup,12268306432,111910825984,6751617024,0,0,0,
host-memory-samples.jsonl,357079.97823028,-9.231293529039249,runtime_startup,12268781568,111910350848,6760435712,0,0,0,
host-memory-samples.jsonl,357080.478235589,-8.731288220034912,runtime_startup,12284219392,111894913024,6773985280,0,0,0,
host-memory-samples.jsonl,357080.978430132,-8.231093677051831,runtime_startup,12146020352,112033112064,6782251008,0,0,0,
host-memory-samples.jsonl,357081.478501432,-7.731022377032787,runtime_startup,12241580032,111937552384,6792650752,0,0,0,
host-memory-samples.jsonl,357081.978617956,-7.230905853037257,runtime_startup,12246388736,111932743680,6806515712,0,0,0,
host-memory-samples.jsonl,357082.478611566,-6.730912243016064,runtime_startup,12268892160,111910240256,6830399488,0,0,0,
host-memory-samples.jsonl,357082.978661582,-6.230862227035686,runtime_startup,12286119936,111893012480,6846828544,0,0,0,
host-memory-samples.jsonl,357083.478828005,-5.7306958039989695,runtime_startup,12023492608,112155639808,6867083264,0,0,0,
host-memory-samples.jsonl,357083.979059919,-5.23046389000956,runtime_startup,12155420672,112023711744,6886023168,0,0,0,
host-memory-samples.jsonl,357084.479099741,-4.730424068053253,runtime_startup,12598734848,111580397568,6906707968,0,0,0,
host-memory-samples.jsonl,357084.979106529,-4.23041728005046,runtime_startup,12655517696,111523614720,6919729152,0,0,0,
host-memory-samples.jsonl,357085.479270161,-3.7302536480128765,runtime_startup,12338036736,111841095680,6930415616,0,0,0,
host-memory-samples.jsonl,357085.979351156,-3.2301726530422457,runtime_startup,12453023744,111726108672,7106207744,0,0,0,
host-memory-samples.jsonl,357086.479447869,-2.7300759400241077,runtime_startup,12812337152,111366795264,7177768960,0,0,0,
host-memory-samples.jsonl,357086.979489437,-2.2300343720125966,runtime_startup,12595597312,111583535104,7197245440,0,0,0,
host-memory-samples.jsonl,357087.479583643,-1.7299401659984142,runtime_startup,12626628608,111552503808,7205564416,0,0,0,
host-memory-samples.jsonl,357087.979712131,-1.2298116780002601,runtime_startup,13001486336,111177646080,7207153664,0,0,0,
host-memory-samples.jsonl,357088.479768853,-0.7297549560316838,runtime_startup,15032983552,109146148864,7285366784,0,0,0,
host-memory-samples.jsonl,357088.979882951,-0.22964085801504552,runtime_startup,14722813952,109456318464,7297581056,0,0,0,
host-memory-samples.jsonl,357089.479953186,0.27042937697842717,partial_model_construction,17237245952,106941886464,7402483712,0,0,0,
host-memory-samples.jsonl,357089.980102808,0.770578998955898,partial_model_construction,22023254016,102155878400,9153916928,3,31129600,1017446400,
host-memory-samples.jsonl,357090.48015168,1.2706278709811158,partial_model_construction,25797988352,98381144064,9789853696,16,162201600,4870963200,
host-memory-samples.jsonl,357090.980560918,1.7710371089633554,partial_model_construction,32569196544,91609935872,11016204288,29,368640000,8858828800,
host-memory-samples.jsonl,357091.480439305,2.270915495988447,partial_model_construction,38961741824,85217390592,11501486080,43,660275200,12971212800,
host-memory-samples.jsonl,357091.980595324,2.7710715149878524,partial_model_construction,44101836800,80077295616,11501809664,58,1012531200,17232691200,
host-memory-samples.jsonl,357092.480601188,3.271077379002236,partial_model_construction,48535633920,75643498496,11502120960,72,1317273600,21331968000,
host-memory-samples.jsonl,357092.980757014,3.7712332049850374,partial_model_construction,52942491648,71236640768,11501973504,85,1576140800,25267404800,
host-memory-samples.jsonl,357093.480793223,4.271269413991831,partial_model_construction,56847196160,67331936256,11502608384,98,1843200000,28984934400,
host-memory-samples.jsonl,357093.980899572,4.771375762997195,partial_model_construction,60576215040,63602917376,11503300608,108,2029977600,31943884800,
host-memory-samples.jsonl,357094.480980462,5.271456652961206,partial_model_construction,64798928896,59380203520,11503972352,118,2295398400,34824192000,
host-memory-samples.jsonl,357095.001517321,5.791993511957116,partial_model_construction,67402493952,56776638464,11025694720,128,2585395200,37679923200,
host-memory-samples.jsonl,357095.486295725,6.276771915960126,partial_model_construction,71692849152,52486283264,10549133312,139,2986803200,40843673600,
host-memory-samples.jsonl,357095.986400406,6.776876596966758,partial_model_construction,75175968768,49003163648,10098372608,150,3343974400,44051660800,
host-memory-samples.jsonl,357096.486468816,7.2769450069754384,partial_model_construction,78731689984,45447442432,9728991232,162,3676569600,47284224000,
loader-477.jsonl:271,357096.617205949,7.407682139950339,allocation_refusal,80005660672,44173471744,,,,,2048
host-memory-samples.jsonl,357096.986581449,7.777057639963459,failure_and_drain,79478317056,44700815360,9673965568,164,3740467200,47849472000,
host-memory-samples.jsonl,357097.486686005,8.277162195998244,failure_and_drain,78887968768,45291163648,9737887744,164,3740467200,47849472000,
host-memory-samples.jsonl,357097.986760713,8.77723690395942,failure_and_drain,37042827264,87136305152,9793208320,164,3740467200,47849472000,
host-memory-samples.jsonl,357098.486878391,9.277354581980035,failure_and_drain,37079142400,87099990016,9841967104,164,3740467200,47849472000,
host-memory-samples.jsonl,357098.986948428,9.777424618951045,failure_and_drain,36952240128,87226892288,9842204672,164,3740467200,47849472000,
host-memory-samples.jsonl,357099.48703313,10.277509320992976,failure_and_drain,25017614336,99161518080,9843052544,164,3740467200,47849472000,
host-memory-samples.jsonl,357099.987139343,10.777615533967037,failure_and_drain,22027579392,102151553024,6772482048,164,3740467200,47849472000,
host-memory-samples.jsonl,357100.487275099,11.277751289948355,failure_and_drain,12111818752,112067313664,3854897152,164,3740467200,47849472000,
host-memory-samples.jsonl,357100.987309603,11.777785793994553,failure_and_drain,11723476992,112455655424,3859603456,164,3740467200,47849472000,
host-memory-samples.jsonl,357101.48741032,12.27788651100127,failure_and_drain,11536576512,112642555904,3492892672,164,3740467200,47849472000,
host-memory-samples.jsonl,357101.98748087,12.777957060956396,failure_and_drain,11526062080,112653070336,3133997056,164,3740467200,47849472000,
host-memory-samples.jsonl,357102.487574,13.278050191001967,failure_and_drain,6494998528,117684133888,1951920128,164,3740467200,47849472000,
host-memory-samples.jsonl,357102.987683359,13.778159549983684,failure_and_drain,6536220672,117642911744,1999867904,164,3740467200,47849472000,
host-memory-samples.jsonl,357103.487756128,14.278232318989467,failure_and_drain,6600757248,117578375168,2064879616,164,3740467200,47849472000,
host-memory-samples.jsonl,357103.987810612,14.778286802989896,failure_and_drain,6659833856,117519298560,2131988480,164,3740467200,47849472000,
host-memory-samples.jsonl,357104.487861757,15.278337947966065,failure_and_drain,6729973760,117449158656,2198048768,164,3740467200,47849472000,
host-memory-samples.jsonl,357104.988070017,15.778546207991894,failure_and_drain,6765563904,117413568512,2253361152,164,3740467200,47849472000,
host-memory-samples.jsonl,357105.488086755,16.278562945954036,failure_and_drain,6766419968,117412712448,2303430656,164,3740467200,47849472000,
host-memory-samples.jsonl,357105.98817716,16.778653350949753,failure_and_drain,6501572608,117677559808,2303692800,164,3740467200,47849472000,
host-memory-samples.jsonl,357106.48829708,17.278773270954844,failure_and_drain,6949072896,117230059520,2307887104,164,3740467200,47849472000,
host-memory-samples.jsonl,357106.988364058,17.778840248996858,failure_and_drain,7077773312,117101359104,2331828224,164,3740467200,47849472000,
host-memory-samples.jsonl,357107.488530783,18.27900697395671,failure_and_drain,6893711360,117285421056,2372313088,164,3740467200,47849472000,
host-memory-samples.jsonl,357107.98856153,18.779037720989436,failure_and_drain,6297022464,117882109952,1764380672,164,3740467200,47849472000,
host-memory-samples.jsonl,357108.488644534,19.279120724997483,failure_and_drain,6464839680,117714292736,1818382336,164,3740467200,47849472000,
host-memory-samples.jsonl,357108.988751383,19.779227573948447,failure_and_drain,6479450112,117699682304,1856393216,164,3740467200,47849472000,
host-memory-samples.jsonl,357109.514103378,20.30457956896862,failure_and_drain,6324277248,117854855168,1907773440,164,3740467200,47849472000,
host-memory-samples.jsonl,357109.993979068,20.784455258981325,failure_and_drain,6457372672,117721759744,1944997888,164,3740467200,47849472000,
host-memory-samples.jsonl,357110.494128101,21.284604291955475,failure_and_drain,6606934016,117572198400,1985892352,164,3740467200,47849472000,
host-memory-samples.jsonl,357110.994229102,21.78470529295737,failure_and_drain,6552764416,117626368000,2038845440,164,3740467200,47849472000,
host-memory-samples.jsonl,357111.494263206,22.28473939700052,failure_and_drain,6836736000,117342396416,2093633536,164,3740467200,47849472000,
host-memory-samples.jsonl,357111.994343505,22.78481969598215,failure_and_drain,7160836096,117018296320,2131120128,164,3740467200,47849472000,
host-memory-samples.jsonl,357112.494503263,23.284979453950655,failure_and_drain,6753017856,117426114560,2173587456,164,3740467200,47849472000,
host-memory-samples.jsonl,357112.994552752,23.78502894297708,failure_and_drain,6835113984,117344018432,2203734016,164,3740467200,47849472000,
host-memory-samples.jsonl,357113.494679574,24.28515576495556,failure_and_drain,7218520064,116960612352,2204782592,164,3740467200,47849472000,
host-memory-samples.jsonl,357113.994680779,24.785156969970558,failure_and_drain,6976487424,117202644992,2215874560,164,3740467200,47849472000,
host-memory-samples.jsonl,357114.494768566,25.28524475696031,failure_and_drain,6910152704,117268979712,2269351936,164,3740467200,47849472000,
host-memory-samples.jsonl,357114.994899863,25.785376054001972,failure_and_drain,7282991104,116896141312,2302529536,164,3740467200,47849472000,
host-memory-samples.jsonl,357115.49499425,26.285470440983772,failure_and_drain,7366012928,116813119488,2286104576,164,3740467200,47849472000,
host-memory-samples.jsonl,357115.995104945,26.785581135947723,failure_and_drain,7018672128,117160460288,2287943680,164,3740467200,47849472000,
host-memory-samples.jsonl,357116.495181024,27.28565721499035,failure_and_drain,7344017408,116835115008,2326245376,164,3740467200,47849472000,
host-memory-samples.jsonl,357116.995320942,27.78579713299405,failure_and_drain,7513571328,116665561088,2354679808,164,3740467200,47849472000,
host-memory-samples.jsonl,357117.495415333,28.285891523992177,failure_and_drain,6865080320,117314052096,2372202496,164,3740467200,47849472000,
host-memory-samples.jsonl,357117.995462934,28.78593912499491,failure_and_drain,5819011072,118360121344,,164,3740467200,47849472000,
host-memory-samples.jsonl,357118.495558955,29.28603514598217,failure_and_drain,6093402112,118085730304,,164,3740467200,47849472000,
