source,monotonic,seconds_from_constructor,phase,pressure_bytes,mem_available_bytes,gpu_active_bytes,cgroup_current_bytes,completed_v5_parameters,completed_v5_host_bytes,completed_v5_device_bytes,next_bytes
host-memory-samples.jsonl,358890.867482679,-147.544484308979,runtime_startup,4957184000,119221948416,114688,,0,0,0,
host-memory-samples.jsonl,358890.869702573,-147.5422644150094,runtime_startup,4961361920,119217770496,114688,,0,0,0,
host-memory-samples.jsonl,358891.369789616,-147.04217737202998,runtime_startup,4998406144,119180726272,114688,31645696,0,0,0,
host-memory-samples.jsonl,358891.869824059,-146.5421429289854,runtime_startup,4983603200,119195529216,114688,205479936,0,0,0,
host-memory-samples.jsonl,358892.369891021,-146.0420759670087,runtime_startup,5054128128,119125004288,114688,510644224,0,0,0,
host-memory-samples.jsonl,358892.869980984,-145.54198600398377,runtime_startup,5118091264,119061041152,114688,721805312,0,0,0,
host-memory-samples.jsonl,358893.37001044,-145.04195654799696,runtime_startup,5160546304,119018586112,114688,777732096,0,0,0,
host-memory-samples.jsonl,358893.870089149,-144.5418778390158,runtime_startup,5196582912,118982549504,114688,886476800,0,0,0,
host-memory-samples.jsonl,358894.370214431,-144.0417525569792,runtime_startup,5200207872,118978924544,114688,899993600,0,0,0,
host-memory-samples.jsonl,358894.870265092,-143.54170189599972,runtime_startup,5213650944,118965481472,114688,918212608,0,0,0,
host-memory-samples.jsonl,358895.370380602,-143.04158638598165,runtime_startup,5228851200,118950281216,114688,1017094144,0,0,0,
host-memory-samples.jsonl,358895.870440095,-142.54152689297916,runtime_startup,5244497920,118934634496,114688,1037053952,0,0,0,
host-memory-samples.jsonl,358896.370535893,-142.04143109498546,runtime_startup,5256663040,118922469376,114688,1054916608,0,0,0,
host-memory-samples.jsonl,358896.870643913,-141.54132307501277,runtime_startup,5284970496,118894161920,114688,1082187776,0,0,0,
host-memory-samples.jsonl,358897.370720471,-141.0412465169793,runtime_startup,5293682688,118885449728,114688,1102442496,0,0,0,
host-memory-samples.jsonl,358897.870814861,-140.5411521270289,runtime_startup,5311012864,118868119552,114688,1125347328,0,0,0,
host-memory-samples.jsonl,358898.370888829,-140.04107815900352,runtime_startup,5309759488,118869372928,114688,1132408832,0,0,0,
host-memory-samples.jsonl,358898.870951465,-139.54101552302018,runtime_startup,5312638976,118866493440,114688,1146105856,0,0,0,
host-memory-samples.jsonl,358899.371119456,-139.0408475319855,runtime_startup,5325160448,118853971968,114688,1168412672,0,0,0,
host-memory-samples.jsonl,358899.871105915,-138.54086107300827,runtime_startup,5323923456,118855208960,114688,1177997312,0,0,0,
host-memory-samples.jsonl,358900.371184263,-138.04078272503102,runtime_startup,5323272192,118855860224,114688,1187823616,0,0,0,
host-memory-samples.jsonl,358900.871222264,-137.54074472398497,runtime_startup,5326229504,118852902912,114688,1198968832,0,0,0,
host-memory-samples.jsonl,358901.371359378,-137.04060761001892,runtime_startup,5342310400,118836822016,114688,1222434816,0,0,0,
host-memory-samples.jsonl,358901.871392705,-136.54057428298984,runtime_startup,5340422144,118838710272,114688,1268658176,0,0,0,
host-memory-samples.jsonl,358902.371510759,-136.04045622900594,runtime_startup,5343547392,118835585024,114688,1281662976,0,0,0,
host-memory-samples.jsonl,358902.871606951,-135.54036003700458,runtime_startup,5358112768,118821019648,114688,1305640960,0,0,0,
host-memory-samples.jsonl,358903.396986318,-135.01498067000648,runtime_startup,5382365184,118796767232,114688,1340923904,0,0,0,
host-memory-samples.jsonl,358903.876831719,-134.53513526899042,runtime_startup,5395542016,118783590400,114688,1375981568,0,0,0,
host-memory-samples.jsonl,358904.376929767,-134.03503722097958,runtime_startup,5428338688,118750793728,114688,1415274496,0,0,0,
host-memory-samples.jsonl,358904.877029077,-133.53493791102665,runtime_startup,5425025024,118754107392,114688,1423671296,0,0,0,
host-memory-samples.jsonl,358905.377123964,-133.03484302398283,runtime_startup,5447995392,118731137024,114688,1492881408,0,0,0,
host-memory-samples.jsonl,358905.877119554,-132.53484743402805,runtime_startup,5456601088,118722531328,114688,1518399488,0,0,0,
host-memory-samples.jsonl,358906.377280612,-132.03468637599144,runtime_startup,5484335104,118694797312,114688,1553883136,0,0,0,
host-memory-samples.jsonl,358906.877369584,-131.53459740401013,runtime_startup,5504016384,118675116032,114688,1559646208,0,0,0,
host-memory-samples.jsonl,358907.37743078,-131.0345362080261,runtime_startup,5500411904,118678720512,114688,1572278272,0,0,0,
host-memory-samples.jsonl,358907.877508936,-130.53445805201773,runtime_startup,5509767168,118669365248,114688,1587515392,0,0,0,
host-memory-samples.jsonl,358908.377569477,-130.0343975109863,runtime_startup,5515694080,118663438336,114688,1698619392,0,0,0,
host-memory-samples.jsonl,358908.877721198,-129.53424578998238,runtime_startup,5535219712,118643912704,114688,1742802944,0,0,0,
host-memory-samples.jsonl,358909.377794157,-129.0341728309868,runtime_startup,5546131456,118633000960,114688,1763274752,0,0,0,
host-memory-samples.jsonl,358909.877883216,-128.53408377198502,runtime_startup,5568090112,118611042304,114688,1797672960,0,0,0,
host-memory-samples.jsonl,358910.377944379,-128.03402260900475,runtime_startup,5582426112,118596706304,114688,1838161920,0,0,0,
host-memory-samples.jsonl,358910.879383598,-127.53258339001331,runtime_startup,5728763904,118450368512,114688,1992851456,0,0,0,
host-memory-samples.jsonl,358911.379370356,-127.03259663202334,runtime_startup,5795549184,118383583232,114688,2057805824,0,0,0,
host-memory-samples.jsonl,358911.879422016,-126.53254497202579,runtime_startup,5864099840,118315032576,114688,2108260352,0,0,0,
host-memory-samples.jsonl,358912.379507166,-126.0324598220177,runtime_startup,5868228608,118310903808,114688,2115194880,0,0,0,
host-memory-samples.jsonl,358912.879571105,-125.53239588299766,runtime_startup,5883699200,118295433216,114688,2127867904,0,0,0,
host-memory-samples.jsonl,358913.379639319,-125.03232766897418,runtime_startup,5904326656,118274805760,114688,2149146624,0,0,0,
host-memory-samples.jsonl,358913.879719364,-124.53224762401078,runtime_startup,5915164672,118263967744,114688,2159542272,0,0,0,
host-memory-samples.jsonl,358914.379769329,-124.03219765902031,runtime_startup,5943803904,118235328512,114688,2182197248,0,0,0,
host-memory-samples.jsonl,358914.879859308,-123.53210767998826,runtime_startup,5960318976,118218813440,114688,2199285760,0,0,0,
host-memory-samples.jsonl,358915.379942732,-123.03202425601194,runtime_startup,5969092608,118210039808,114688,2211373056,0,0,0,
host-memory-samples.jsonl,358915.880052946,-122.53191404201789,runtime_startup,5987655680,118191476736,114688,2226978816,0,0,0,
host-memory-samples.jsonl,358916.380116579,-122.03185040899552,runtime_startup,5986881536,118192250880,114688,2230902784,0,0,0,
host-memory-samples.jsonl,358916.880178817,-121.53178817097796,runtime_startup,5993590784,118185541632,114688,2238128128,0,0,0,
host-memory-samples.jsonl,358917.380259087,-121.03170790098375,runtime_startup,6016557056,118162575360,114688,2254376960,0,0,0,
host-memory-samples.jsonl,358917.880289402,-120.53167758602649,runtime_startup,6017851392,118161281024,114688,2255687680,0,0,0,
host-memory-samples.jsonl,358918.380425853,-120.03154113498749,runtime_startup,6021464064,118157668352,114688,2264272896,0,0,0,
host-memory-samples.jsonl,358918.880512129,-119.53145485901041,runtime_startup,6040043520,118139088896,114688,2282913792,0,0,0,
host-memory-samples.jsonl,358919.380596068,-119.0313709200127,runtime_startup,6058868736,118120263680,114688,2302337024,0,0,0,
host-memory-samples.jsonl,358919.880625142,-118.53134184598457,runtime_startup,6082093056,118097039360,114688,2319634432,0,0,0,
host-memory-samples.jsonl,358920.380691803,-118.03127518499969,runtime_startup,6107840512,118071291904,114688,2350178304,0,0,0,
host-memory-samples.jsonl,358920.880819469,-117.53114751901012,runtime_startup,6111453184,118067679232,114688,2355154944,0,0,0,
host-memory-samples.jsonl,358921.380918617,-117.0310483709909,runtime_startup,6127710208,118051422208,114688,2371112960,0,0,0,
host-memory-samples.jsonl,358921.88099898,-116.53096800798085,runtime_startup,6156095488,118023036928,114688,2395443200,0,0,0,
host-memory-samples.jsonl,358922.381087394,-116.03087959397817,runtime_startup,6168481792,118010650624,114688,2398322688,0,0,0,
host-memory-samples.jsonl,358922.881132456,-115.5308345319936,runtime_startup,6177771520,118001360896,114688,2404614144,0,0,0,
host-memory-samples.jsonl,358923.381215296,-115.03075169201475,runtime_startup,6178029568,118001102848,114688,2412724224,0,0,0,
host-memory-samples.jsonl,358923.881290961,-114.53067602700321,runtime_startup,6185594880,117993537536,114688,2432401408,0,0,0,
host-memory-samples.jsonl,358924.381427899,-114.03053908899892,runtime_startup,6209523712,117969608704,114688,2458660864,0,0,0,
host-memory-samples.jsonl,358924.881437756,-113.5305292319972,runtime_startup,6224977920,117954154496,114688,2472689664,0,0,0,
host-memory-samples.jsonl,358925.381546897,-113.03042009100318,runtime_startup,6243061760,117936070656,114688,2498043904,0,0,0,
host-memory-samples.jsonl,358925.881618206,-112.53034878202016,runtime_startup,6250221568,117928910848,114688,2513784832,0,0,0,
host-memory-samples.jsonl,358926.381735669,-112.03023131901864,runtime_startup,6341353472,117837778944,114688,2639687680,0,0,0,
host-memory-samples.jsonl,358926.881802244,-111.53016474400647,runtime_startup,6463893504,117715238912,114688,2758062080,0,0,0,
host-memory-samples.jsonl,358927.381892362,-111.03007462597452,runtime_startup,6546714624,117632417792,114688,2844037120,0,0,0,
host-memory-samples.jsonl,358927.881957371,-110.53000961698126,runtime_startup,6569463808,117609668608,114688,2869960704,0,0,0,
host-memory-samples.jsonl,358928.382254514,-110.02971247397363,runtime_startup,6586744832,117592387584,114688,2576371712,0,0,0,
host-memory-samples.jsonl,358928.882185927,-109.52978106099181,runtime_startup,6654992384,117524140032,72138752,2671992832,0,0,0,
host-memory-samples.jsonl,358929.382239787,-109.0297272009775,runtime_startup,6785941504,117393190912,72204288,2796101632,0,0,0,
host-memory-samples.jsonl,358929.897479787,-108.5144872009987,runtime_startup,6893543424,117285588992,72204288,2912440320,0,0,0,
host-memory-samples.jsonl,358930.387527613,-108.02443937497446,runtime_startup,6961893376,117217239040,72204288,2658627584,0,0,0,
host-memory-samples.jsonl,358930.887580316,-107.52438667201204,runtime_startup,6953713664,117225418752,72204288,2779815936,0,0,0,
host-memory-samples.jsonl,358931.387652042,-107.02431494602934,runtime_startup,6952751104,117226381312,72204288,2885980160,0,0,0,
host-memory-samples.jsonl,358931.887735539,-106.5242314490024,runtime_startup,6917566464,117261565952,72204288,2665209856,0,0,0,
host-memory-samples.jsonl,358932.387755975,-106.02421101299115,runtime_startup,6900654080,117278478336,72269824,2673254400,0,0,0,
host-memory-samples.jsonl,358932.887933666,-105.52403332199901,runtime_startup,6900510720,117278621696,72269824,2673139712,0,0,0,
host-memory-samples.jsonl,358933.388112807,-105.02385418099584,runtime_startup,6882463744,117296668672,72269824,2668204032,0,0,0,
host-memory-samples.jsonl,358933.888174515,-104.52379247301724,runtime_startup,6142709760,118036422656,114688,1994047488,0,0,0,
host-memory-samples.jsonl,358934.388190243,-104.02377674501622,runtime_startup,6127083520,118052048896,114688,2000982016,0,0,0,
host-memory-samples.jsonl,358934.888373917,-103.52359307097504,runtime_startup,6127337472,118051794944,114688,2011238400,0,0,0,
host-memory-samples.jsonl,358935.388365837,-103.02360115101328,runtime_startup,6189277184,117989855232,72204288,2036547584,0,0,0,
host-memory-samples.jsonl,358935.888431634,-102.52353535400471,runtime_startup,6191779840,117987352576,72269824,2248081408,0,0,0,
host-memory-samples.jsonl,358936.388648654,-102.02331833401695,runtime_startup,6237593600,117941538816,72269824,2298314752,0,0,0,
host-memory-samples.jsonl,358936.88858812,-101.52337886800524,runtime_startup,6391357440,117787774976,72269824,2460561408,0,0,0,
host-memory-samples.jsonl,358937.388688115,-101.02327887300635,runtime_startup,6448320512,117730811904,72269824,2511077376,0,0,0,
host-memory-samples.jsonl,358937.888743786,-100.52322320197709,runtime_startup,6488813568,117690318848,72269824,2550333440,0,0,0,
host-memory-samples.jsonl,358938.388826024,-100.02314096398186,runtime_startup,6505070592,117674061824,72269824,2564579328,0,0,0,
host-memory-samples.jsonl,358938.888907208,-99.52305978001095,runtime_startup,6498877440,117680254976,72269824,2572922880,0,0,0,
host-memory-samples.jsonl,358939.388968783,-99.02299820497865,runtime_startup,6522560512,117656571904,72269824,2593210368,0,0,0,
host-memory-samples.jsonl,358939.889112813,-98.52285417501116,runtime_startup,6536744960,117642387456,72269824,2607304704,0,0,0,
host-memory-samples.jsonl,358940.389167681,-98.0227993070148,runtime_startup,6564872192,117614260224,72269824,2637139968,0,0,0,
host-memory-samples.jsonl,358940.889208742,-97.52275824599201,runtime_startup,6569259008,117609873408,72269824,2649825280,0,0,0,
host-memory-samples.jsonl,358941.389246214,-97.02272077399539,runtime_startup,6574936064,117604196352,72269824,2655125504,0,0,0,
host-memory-samples.jsonl,358941.889389243,-96.52257774502505,runtime_startup,6584184832,117594947584,72269824,2671026176,0,0,0,
host-memory-samples.jsonl,358942.389506852,-96.02246013598051,runtime_startup,6587510784,117591621632,72269824,2676883456,0,0,0,
host-memory-samples.jsonl,358942.88951876,-95.52244822797365,runtime_startup,6591885312,117587247104,72269824,2680713216,0,0,0,
host-memory-samples.jsonl,358943.389582784,-95.02238420402864,runtime_startup,6604271616,117574860800,72269824,2695413760,0,0,0,
host-memory-samples.jsonl,358943.889671783,-94.52229520498076,runtime_startup,6604271616,117574860800,72269824,2701156352,0,0,0,
host-memory-samples.jsonl,358944.404920399,-94.00704658898758,runtime_startup,6601719808,117577412608,72269824,2709995520,0,0,0,
host-memory-samples.jsonl,358944.894861738,-93.51710524997907,runtime_startup,6619267072,117559865344,72269824,2727239680,0,0,0,
host-memory-samples.jsonl,358945.394953065,-93.017013922974,runtime_startup,6628036608,117551095808,72269824,2746241024,0,0,0,
host-memory-samples.jsonl,358945.894994868,-92.51697211997816,runtime_startup,6651260928,117527871488,72269824,2764419072,0,0,0,
host-memory-samples.jsonl,358946.39510657,-92.01686041802168,runtime_startup,6676008960,117503123456,72269824,2791976960,0,0,0,
host-memory-samples.jsonl,358946.895123482,-91.51684350601863,runtime_startup,6677893120,117501239296,72269824,2803212288,0,0,0,
host-memory-samples.jsonl,358947.39523536,-91.01673162798397,runtime_startup,6693675008,117485457408,72269824,2818027520,0,0,0,
host-memory-samples.jsonl,358947.895320226,-90.51664676202927,runtime_startup,6718705664,117460426752,72269824,2832175104,0,0,0,
host-memory-samples.jsonl,358948.395368059,-90.0165989290108,runtime_startup,6729379840,117449752576,72269824,2842705920,0,0,0,
host-memory-samples.jsonl,358948.895463762,-89.51650322601199,runtime_startup,6722154496,117456977920,72269824,2852302848,0,0,0,
host-memory-samples.jsonl,358949.395513605,-89.01645338302478,runtime_startup,6723747840,117455384576,72269824,2865287168,0,0,0,
host-memory-samples.jsonl,358949.895600447,-88.5163665409782,runtime_startup,6740262912,117438869504,72269824,2883100672,0,0,0,
host-memory-samples.jsonl,358950.395698548,-88.01626843999838,runtime_startup,6760218624,117418913792,72269824,2909442048,0,0,0,
host-memory-samples.jsonl,358950.895739569,-87.51622741902247,runtime_startup,6777765888,117401366528,72269824,2929274880,0,0,0,
host-memory-samples.jsonl,358951.395812288,-87.01615470001707,runtime_startup,6785634304,117393498112,72269824,2946609152,0,0,0,
host-memory-samples.jsonl,358951.895937925,-86.51602906303015,runtime_startup,6871769088,117307363328,126533632,2967732224,0,0,0,
host-memory-samples.jsonl,358952.39598377,-86.01598321797792,runtime_startup,6907191296,117271941120,144424960,2984235008,0,0,0,
host-memory-samples.jsonl,358952.896095336,-85.51587165199453,runtime_startup,6897119232,117282013184,144424960,2984226816,0,0,0,
host-memory-samples.jsonl,358953.396150023,-85.01581696502399,runtime_startup,6897115136,117282017280,144424960,2984218624,0,0,0,
host-memory-samples.jsonl,358953.896281724,-84.51568526402116,runtime_startup,6147932160,118031200256,72269824,2283388928,0,0,0,
host-memory-samples.jsonl,358954.396387413,-84.01557957497425,runtime_startup,6138900480,118040231936,72269824,2354065408,0,0,0,
host-memory-samples.jsonl,358954.896499844,-83.51546714402502,runtime_startup,6139158528,118039973888,72269824,2354061312,0,0,0,
host-memory-samples.jsonl,358955.396482678,-83.0154843099881,runtime_startup,6336622592,117842509824,72269824,2550329344,0,0,0,
host-memory-samples.jsonl,358955.896554097,-82.5154128909926,runtime_startup,6361395200,117817737216,72269824,2577330176,0,0,0,
host-memory-samples.jsonl,358956.396643447,-82.01532354101073,runtime_startup,6362996736,117816135680,72269824,2577264640,0,0,0,
host-memory-samples.jsonl,358956.896848736,-81.51511825202033,runtime_startup,6478905344,117700227072,72269824,2697789440,0,0,0,
host-memory-samples.jsonl,358957.396837292,-81.01512969599571,runtime_startup,6638096384,117541036032,72269824,2866614272,0,0,0,
host-memory-samples.jsonl,358957.89690096,-80.51506602799054,runtime_startup,6655373312,117523759104,72269824,2920353792,0,0,0,
host-memory-samples.jsonl,358958.396979232,-80.01498775597429,runtime_startup,6694797312,117484335104,72269824,2966466560,0,0,0,
host-memory-samples.jsonl,358958.903926963,-79.50804002501536,runtime_startup,6701490176,117477642240,72269824,2975043584,0,0,0,
host-memory-samples.jsonl,358959.402233564,-79.00973342399811,runtime_startup,6714134528,117464997888,72269824,2987188224,0,0,0,
host-memory-samples.jsonl,358959.902263449,-78.50970353902085,runtime_startup,6739906560,117439225856,72269824,3010269184,0,0,0,
host-memory-samples.jsonl,358960.402358015,-78.00960897299228,runtime_startup,6751473664,117427658752,72269824,3023491072,0,0,0,
host-memory-samples.jsonl,358960.902444093,-77.50952289497945,runtime_startup,6792761344,117386371072,72269824,3055448064,0,0,0,
host-memory-samples.jsonl,358961.402463012,-77.00950397597626,runtime_startup,6793797632,117385334784,72269824,3061039104,0,0,0,
host-memory-samples.jsonl,358961.902596816,-76.50937017198885,runtime_startup,6803349504,117375782912,72269824,3073052672,0,0,0,
host-memory-samples.jsonl,358962.402675283,-76.00929170497693,runtime_startup,6822060032,117357072384,72269824,3089620992,0,0,0,
host-memory-samples.jsonl,358962.902749862,-75.50921712600393,runtime_startup,6824124416,117355008000,72269824,3094114304,0,0,0,
host-memory-samples.jsonl,358963.402806714,-75.00916027399944,runtime_startup,6831554560,117347577856,72269824,3102650368,0,0,0,
host-memory-samples.jsonl,358963.902899814,-74.50906717398902,runtime_startup,6853148672,117325983744,72269824,3121090560,0,0,0,
host-memory-samples.jsonl,358964.403023268,-74.00894372002222,runtime_startup,6852894720,117326237696,72269824,3123814400,0,0,0,
host-memory-samples.jsonl,358964.903083362,-73.50888362602564,runtime_startup,6857023488,117322108928,72269824,3128688640,0,0,0,
host-memory-samples.jsonl,358965.403196273,-73.00877071497962,runtime_startup,6866522112,117312610304,72269824,3143909376,0,0,0,
host-memory-samples.jsonl,358965.903224673,-72.5087423149962,runtime_startup,6886588416,117292544000,72269824,3163766784,0,0,0,
host-memory-samples.jsonl,358966.403298566,-72.00866842200048,runtime_startup,6904381440,117274750976,72269824,3179671552,0,0,0,
host-memory-samples.jsonl,358966.903422002,-71.50854498601984,runtime_startup,6929154048,117249978368,72269824,3208802304,0,0,0,
host-memory-samples.jsonl,358967.403492455,-71.00847453298047,runtime_startup,6934568960,117244563456,72269824,3219193856,0,0,0,
host-memory-samples.jsonl,358967.903581222,-70.50838576600654,runtime_startup,6946697216,117232435200,72269824,3233513472,0,0,0,
host-memory-samples.jsonl,358968.403657762,-70.00830922601745,runtime_startup,6976761856,117202370560,72269824,3251191808,0,0,0,
host-memory-samples.jsonl,358968.903720075,-69.50824691302842,runtime_startup,6988873728,117190258688,72269824,3278196736,0,0,0,
host-memory-samples.jsonl,358969.403765684,-69.00820130400825,runtime_startup,6991196160,117187936256,72269824,3267203072,0,0,0,
host-memory-samples.jsonl,358969.903843803,-68.50812318501994,runtime_startup,6991167488,117187964928,72269824,3284488192,0,0,0,
host-memory-samples.jsonl,358970.40398088,-68.00798610801576,runtime_startup,7010263040,117168869376,72269824,3305070592,0,0,0,
host-memory-samples.jsonl,358970.929351618,-67.48261537001235,runtime_startup,7032225792,117146906624,72269824,3326685184,0,0,0,
host-memory-samples.jsonl,358971.409150271,-67.00281671702396,runtime_startup,7042195456,117136936960,72269824,3341606912,0,0,0,
host-memory-samples.jsonl,358971.909232059,-66.50273492897395,runtime_startup,7068971008,117110161408,72269824,3369152512,0,0,0,
host-memory-samples.jsonl,358972.40929549,-66.00267149799038,runtime_startup,7077744640,117101387776,72269824,3379412992,0,0,0,
host-memory-samples.jsonl,358972.909387774,-65.50257921399316,runtime_startup,7234166784,116944965632,72269824,3537936384,0,0,0,
host-memory-samples.jsonl,358973.409431494,-65.00253549398622,runtime_startup,7271325696,116907806720,72269824,3599908864,0,0,0,
host-memory-samples.jsonl,358973.909597303,-64.50236968498211,runtime_startup,7328096256,116851036160,72269824,3648221184,0,0,0,
host-memory-samples.jsonl,358974.409674002,-64.0022929860279,runtime_startup,7332483072,116846649344,72269824,3655905280,0,0,0,
host-memory-samples.jsonl,358974.909678153,-63.502288835006766,runtime_startup,7344865280,116834267136,72269824,3668344832,0,0,0,
host-memory-samples.jsonl,358975.40972966,-63.002237327978946,runtime_startup,7368089600,116811042816,72269824,3690688512,0,0,0,
host-memory-samples.jsonl,358975.909785635,-62.50218135298928,runtime_startup,7382544384,116796588032,72269824,3704086528,0,0,0,
host-memory-samples.jsonl,358976.409937518,-62.00202946999343,runtime_startup,7415058432,116764073984,72269824,3731275776,0,0,0,
host-memory-samples.jsonl,358976.910023305,-61.50194368301891,runtime_startup,7423311872,116755820544,72269824,3740327936,0,0,0,
host-memory-samples.jsonl,358977.410101836,-61.00186515197856,runtime_startup,7431311360,116747821056,72269824,3753787392,0,0,0,
host-memory-samples.jsonl,358977.910178111,-60.50178887700895,runtime_startup,7453503488,116725628928,72269824,3770347520,0,0,0,
host-memory-samples.jsonl,358978.410207666,-60.00175932201091,runtime_startup,7453724672,116725407744,72269824,3774812160,0,0,0,
host-memory-samples.jsonl,358978.910319585,-59.50164740299806,runtime_startup,7460433920,116718698496,72269824,3783176192,0,0,0,
host-memory-samples.jsonl,358979.410348816,-59.001618171983864,runtime_startup,7460433920,116718698496,72269824,3783700480,0,0,0,
host-memory-samples.jsonl,358979.91043877,-58.501528217981104,runtime_startup,7481032704,116698099712,72269824,3800993792,0,0,0,
host-memory-samples.jsonl,358980.410540243,-58.00142674497329,runtime_startup,7483097088,116696035328,72269824,3802517504,0,0,0,
host-memory-samples.jsonl,358980.910581832,-57.50138515600702,runtime_startup,7486697472,116692434944,72269824,3808104448,0,0,0,
host-memory-samples.jsonl,358981.410695785,-57.00127120298566,runtime_startup,7502434304,116676698112,72269824,3823837184,0,0,0,
host-memory-samples.jsonl,358981.910780151,-56.50118683697656,runtime_startup,7537012736,116642119680,72269824,3843526656,0,0,0,
host-memory-samples.jsonl,358982.410859145,-56.001107843010686,runtime_startup,7546818560,116632313856,72269824,3859959808,0,0,0,
host-memory-samples.jsonl,358982.910944198,-55.50102278997656,runtime_startup,7578816512,116600315904,72269824,3888566272,0,0,0,
host-memory-samples.jsonl,358983.411068744,-55.000898243975826,runtime_startup,7588622336,116590510080,72269824,3898728448,0,0,0,
host-memory-samples.jsonl,358983.911135529,-54.50083145900862,runtime_startup,7605137408,116573995008,72269824,3912638464,0,0,0,
host-memory-samples.jsonl,358984.411219114,-54.00074787402991,runtime_startup,7633006592,116546125824,72269824,3926786048,0,0,0,
host-memory-samples.jsonl,358984.911295424,-53.500671564019285,runtime_startup,7645392896,116533739520,72269824,3938357248,0,0,0,
host-memory-samples.jsonl,358985.436664732,-52.97530225600349,runtime_startup,7646621696,116532510720,72269824,3947823104,0,0,0,
host-memory-samples.jsonl,358985.916518508,-52.495448480010964,runtime_startup,7647158272,116531974144,72269824,3957243904,0,0,0,
host-memory-samples.jsonl,358986.4166203,-51.995346688025165,runtime_startup,7670124544,116509007872,72269824,3982950400,0,0,0,
host-memory-samples.jsonl,358986.916679831,-51.49528715701308,runtime_startup,7689220096,116489912320,72269824,4001693696,0,0,0,
host-memory-samples.jsonl,358987.416730092,-50.99523689597845,runtime_startup,7710638080,116468494336,72269824,4023164928,0,0,0,
host-memory-samples.jsonl,358987.916842749,-50.495124239008874,runtime_startup,7873429504,116305702912,72269824,4187131904,0,0,0,
host-memory-samples.jsonl,358988.416952328,-49.9950146600022,runtime_startup,7966826496,116212305920,72269824,4278829056,0,0,0,
host-memory-samples.jsonl,358988.917040275,-49.494926712999586,runtime_startup,8047382528,116131749888,72826880,4344020992,0,0,0,
host-memory-samples.jsonl,358989.417110637,-48.994856350997,runtime_startup,8125853696,116053278720,144424960,4362092544,0,0,0,
host-memory-samples.jsonl,358989.917177691,-48.494789296993986,runtime_startup,8319389696,115859742720,144424960,4551471104,0,0,0,
host-memory-samples.jsonl,358990.417276042,-47.99469094601227,runtime_startup,8484306944,115694825472,228966400,4632625152,0,0,0,
host-memory-samples.jsonl,358990.917353362,-47.49461362598231,runtime_startup,8629735424,115549396992,358268928,4650483712,0,0,0,
host-memory-samples.jsonl,358991.417437563,-46.994529424991924,runtime_startup,8657862656,115521269760,358268928,4673478656,0,0,0,
host-memory-samples.jsonl,358991.917539375,-46.49442761298269,runtime_startup,8674377728,115504754688,358268928,4690305024,0,0,0,
host-memory-samples.jsonl,358992.417595158,-45.9943718300201,runtime_startup,8683380736,115495751680,358268928,4702801920,0,0,0,
host-memory-samples.jsonl,358992.917688071,-45.4942789170309,runtime_startup,8703737856,115475394560,358334464,4718563328,0,0,0,
host-memory-samples.jsonl,358993.417767535,-44.994199452979956,runtime_startup,8703995904,115475136512,358334464,4722294784,0,0,0,
host-memory-samples.jsonl,358993.917859762,-44.494107226026244,runtime_startup,8713801728,115465330688,358334464,4733865984,0,0,0,
host-memory-samples.jsonl,358994.417862028,-43.994104960002005,runtime_startup,8713801728,115465330688,358334464,4733767680,0,0,0,
host-memory-samples.jsonl,358994.917948039,-43.494018948986195,runtime_startup,8719994880,115459137536,358334464,4739072000,0,0,0,
host-memory-samples.jsonl,358995.418164214,-42.99380277399905,runtime_startup,8736256000,115442876416,358334464,4751851520,0,0,0,
host-memory-samples.jsonl,358995.918178117,-42.493788870982826,runtime_startup,8738320384,115440812032,358334464,4757479424,0,0,0,
host-memory-samples.jsonl,358996.418255787,-41.99371120100841,runtime_startup,8754319360,115424813056,358334464,4773064704,0,0,0,
host-memory-samples.jsonl,358996.918343155,-41.4936238329974,runtime_startup,8773926912,115405205504,358334464,4793393152,0,0,0,
host-memory-samples.jsonl,358997.418405412,-40.99356157600414,runtime_startup,8797667328,115381465088,358334464,4809060352,0,0,0,
host-memory-samples.jsonl,358997.918504047,-40.493462941027246,runtime_startup,8821891072,115357241344,358334464,4838207488,0,0,0,
host-memory-samples.jsonl,358998.418587642,-39.99337934597861,runtime_startup,8832471040,115346661376,358334464,4848320512,0,0,0,
host-memory-samples.jsonl,358998.918659182,-39.49330780602759,runtime_startup,8848986112,115330146304,358334464,4862459904,0,0,0,
host-memory-samples.jsonl,358999.418759284,-38.99320770398481,runtime_startup,8876077056,115303055360,358334464,4877242368,0,0,0,
host-memory-samples.jsonl,358999.944191015,-38.46777597302571,runtime_startup,8901095424,115278036992,358334464,4904894464,0,0,0,
host-memory-samples.jsonl,359000.423966343,-37.9880006450112,runtime_startup,8908836864,115270295552,358334464,4896079872,0,0,0,
host-memory-samples.jsonl,359000.924069186,-37.487897802027874,runtime_startup,8908836864,115270295552,358334464,4902019072,0,0,0,
host-memory-samples.jsonl,359001.424209135,-36.98775785299949,runtime_startup,8926384128,115252748288,358334464,4928802816,0,0,0,
host-memory-samples.jsonl,359001.924221163,-36.48774582502665,runtime_startup,8945709056,115233423360,358334464,4950212608,0,0,0,
host-memory-samples.jsonl,359002.424247586,-35.987719402008224,runtime_startup,8967991296,115211141120,358334464,4969656320,0,0,0,
host-memory-samples.jsonl,359002.924406516,-35.48756047198549,runtime_startup,9090265088,115088867328,358334464,5096603648,0,0,0,
host-memory-samples.jsonl,359003.424490834,-34.987476153997704,runtime_startup,9198751744,114980380672,358334464,5210132480,0,0,0,
host-memory-samples.jsonl,359003.924559822,-34.48740716598695,runtime_startup,9294528512,114884603904,358535168,5288353792,0,0,0,
host-memory-samples.jsonl,359004.424654536,-33.98731245199451,runtime_startup,9381806080,114797326336,430424064,5308432384,0,0,0,
host-memory-samples.jsonl,359004.924754129,-33.48721285897773,runtime_startup,9545732096,114633400320,430489600,5471420416,0,0,0,
host-memory-samples.jsonl,359005.424825575,-32.98714141297387,runtime_startup,9725243392,114453889024,501792768,5578223616,0,0,0,
host-memory-samples.jsonl,359005.924936846,-32.48703014198691,runtime_startup,9886879744,114292252672,644464640,5596307456,0,0,0,
host-memory-samples.jsonl,359006.424988392,-31.98697859601816,runtime_startup,9898233856,114280898560,644464640,5609615360,0,0,0,
host-memory-samples.jsonl,359006.925092766,-31.486874221998733,runtime_startup,9932746752,114246385664,644399104,5634732032,0,0,0,
host-memory-samples.jsonl,359007.425188972,-30.98677801602753,runtime_startup,9940738048,114238394368,644399104,5648822272,0,0,0,
host-memory-samples.jsonl,359007.925267524,-30.48669946397422,runtime_startup,9960865792,114218266624,644399104,5664841728,0,0,0,
host-memory-samples.jsonl,359008.425298624,-29.986668364028446,runtime_startup,9960865792,114218266624,644399104,5668999168,0,0,0,
host-memory-samples.jsonl,359008.92537048,-29.486596508009825,runtime_startup,9969123328,114210009088,644399104,5679005696,0,0,0,
host-memory-samples.jsonl,359009.425412678,-28.9865543100168,runtime_startup,9972219904,114206912512,644399104,5680177152,0,0,0,
host-memory-samples.jsonl,359009.925472938,-28.48649405001197,runtime_startup,9972203520,114206928896,644399104,5683478528,0,0,0,
host-memory-samples.jsonl,359010.425637413,-27.98632957501104,runtime_startup,9988141056,114190991360,644399104,5698396160,0,0,0,
host-memory-samples.jsonl,359010.92568698,-27.486280007986352,runtime_startup,9990205440,114188926976,644399104,5702356992,0,0,0,
host-memory-samples.jsonl,359011.425769647,-26.98619734100066,runtime_startup,10007236608,114171895808,644399104,5715640320,0,0,0,
host-memory-samples.jsonl,359011.92584059,-26.48612639802741,runtime_startup,10028138496,114150993920,644399104,5736075264,0,0,0,
host-memory-samples.jsonl,359012.425935888,-25.9860310999793,runtime_startup,10044121088,114135011328,644399104,5755228160,0,0,0,
host-memory-samples.jsonl,359012.926054278,-25.485912710020784,runtime_startup,10077151232,114101981184,644399104,5784682496,0,0,0,
host-memory-samples.jsonl,359013.426133862,-24.985833126003854,runtime_startup,10078183424,114100948992,644399104,5789396992,0,0,0,
host-memory-samples.jsonl,359013.926222542,-24.485744445992168,runtime_startup,10095214592,114083917824,644399104,5805465600,0,0,0,
host-memory-samples.jsonl,359014.447195232,-23.964771756029222,runtime_startup,10124873728,114054258688,644399104,5831286784,0,0,0,
host-memory-samples.jsonl,359014.931388883,-23.480578105023596,runtime_startup,10134659072,114044473344,644399104,5846581248,0,0,0,
host-memory-samples.jsonl,359015.431497264,-22.98046972398879,runtime_startup,10148052992,114031079424,644399104,5837537280,0,0,0,
host-memory-samples.jsonl,359015.931583142,-22.480383845977485,runtime_startup,10148052992,114031079424,644399104,5848858624,0,0,0,
host-memory-samples.jsonl,359016.431678857,-21.9802881309879,runtime_startup,10164826112,114014306304,644399104,5875671040,0,0,0,
host-memory-samples.jsonl,359016.931699388,-21.480267599981744,runtime_startup,10181345280,113997787136,644399104,5893615616,0,0,0,
host-memory-samples.jsonl,359017.431823823,-20.98014316498302,runtime_startup,10198831104,113980301312,644399104,5909991424,0,0,0,
host-memory-samples.jsonl,359017.931951934,-20.480015053995885,runtime_startup,10260480000,113918652416,644399104,5973118976,0,0,0,
host-memory-samples.jsonl,359018.432046139,-19.97992084902944,runtime_startup,10411020288,113768112128,644399104,6144274432,0,0,0,
host-memory-samples.jsonl,359018.932098804,-19.479868184018414,runtime_startup,10495016960,113684115456,644399104,6217998336,0,0,0,
host-memory-samples.jsonl,359019.43222759,-18.979739397997037,runtime_startup,10607677440,113571454976,716492800,6252568576,0,0,0,
host-memory-samples.jsonl,359019.932286444,-18.479680543998256,runtime_startup,10741346304,113437786112,716492800,6375976960,0,0,0,
host-memory-samples.jsonl,359020.432397573,-17.97956941497978,runtime_startup,10894958592,113284173824,739885056,6514270208,0,0,0,
host-memory-samples.jsonl,359020.932467785,-17.47949920297833,runtime_startup,11117129728,113062002688,930463744,6541623296,0,0,0,
host-memory-samples.jsonl,359021.432529799,-16.979437189002056,runtime_startup,11127709696,113051422720,930463744,6552150016,0,0,0,
host-memory-samples.jsonl,359021.932638749,-16.479328238987364,runtime_startup,11164344320,113014788096,930463744,6579773440,0,0,0,
host-memory-samples.jsonl,359022.432734132,-15.979232856014278,runtime_startup,11172085760,113007046656,930463744,6593232896,0,0,0,
host-memory-samples.jsonl,359022.932814737,-15.479152250976767,runtime_startup,11190665216,112988467200,930463744,6609338368,0,0,0,
host-memory-samples.jsonl,359023.432886232,-14.979080756020267,runtime_startup,11190665216,112988467200,930463744,6613331968,0,0,0,
host-memory-samples.jsonl,359023.932954519,-14.479012469004374,runtime_startup,11198377984,112980754432,930463744,6620774400,0,0,0,
host-memory-samples.jsonl,359024.432999681,-13.978967307019047,runtime_startup,11203796992,112975335424,930463744,6626447360,0,0,0,
host-memory-samples.jsonl,359024.933081541,-13.478885447024368,runtime_startup,11204313088,112974819328,930463744,6627504128,0,0,0,
host-memory-samples.jsonl,359025.43324403,-12.978722958010621,runtime_startup,11223908352,112955224064,930463744,6644203520,0,0,0,
host-memory-samples.jsonl,359025.93326389,-12.478703098022379,runtime_startup,11224162304,112954970112,930463744,6647214080,0,0,0,
host-memory-samples.jsonl,359026.433325196,-11.978641792025883,runtime_startup,11229859840,112949272576,930463744,6654189568,0,0,0,
host-memory-samples.jsonl,359026.933410265,-11.47855672298465,runtime_startup,11252568064,112926564352,930463744,6675398656,0,0,0,
host-memory-samples.jsonl,359027.433500361,-10.978466627013404,runtime_startup,11263041536,112916090880,930463744,6688178176,0,0,0,
host-memory-samples.jsonl,359027.93357627,-10.478390717995353,runtime_startup,11291426816,112887705600,930463744,6716715008,0,0,0,
host-memory-samples.jsonl,359028.433669128,-9.97829786001239,runtime_startup,11306831872,112872300544,930463744,6731427840,0,0,0,
host-memory-samples.jsonl,359028.94209088,-9.469876107992604,runtime_startup,11328499712,112850632704,930463744,6750502912,0,0,0,
host-memory-samples.jsonl,359029.438881777,-8.973085211007856,runtime_startup,11336024064,112843108352,930463744,6761156608,0,0,0,
host-memory-samples.jsonl,359029.938960785,-8.473006203013938,runtime_startup,11363893248,112815239168,930463744,6783029248,0,0,0,
host-memory-samples.jsonl,359030.439061381,-7.972905607020948,runtime_startup,11375689728,112803442688,930463744,6782046208,0,0,0,
host-memory-samples.jsonl,359030.939107333,-7.47285965498304,runtime_startup,11375689728,112803442688,930463744,6793744384,0,0,0,
host-memory-samples.jsonl,359031.439169964,-6.972797024005558,runtime_startup,11383123968,112796008448,930463744,6812033024,0,0,0,
host-memory-samples.jsonl,359031.939285184,-6.472681803978048,runtime_startup,11407892480,112771239936,930463744,6838202368,0,0,0,
host-memory-samples.jsonl,359032.439355877,-5.9726111110066995,runtime_startup,11418882048,112760250368,930463744,6848872448,0,0,0,
host-memory-samples.jsonl,359032.939464891,-5.472502097021788,runtime_startup,11455401984,112723730432,930463744,6878220288,0,0,0,
host-memory-samples.jsonl,359033.439547553,-4.972419434983749,runtime_startup,11459776512,112719355904,930463744,6887288832,0,0,0,
host-memory-samples.jsonl,359033.939628532,-4.472338456020225,runtime_startup,11480162304,112698970112,930463744,6907432960,0,0,0,
host-memory-samples.jsonl,359034.439730777,-3.9722362110042013,runtime_startup,11583422464,112595709952,1002622976,6931030016,0,0,0,
host-memory-samples.jsonl,359034.939816561,-3.472150426998269,runtime_startup,11640709120,112538423296,1002622976,6974164992,0,0,0,
host-memory-samples.jsonl,359035.439940795,-2.9720261929905973,runtime_startup,11821850624,112357281792,1002622976,7169724416,0,0,0,
host-memory-samples.jsonl,359035.93995467,-2.4720123180304654,runtime_startup,12044189696,112134942720,1216462848,7183642624,0,0,0,
host-memory-samples.jsonl,359036.440134703,-1.971832284994889,runtime_startup,12071047168,112108085248,1233764352,7194603520,0,0,0,
host-memory-samples.jsonl,359036.940068745,-1.4718982430058531,runtime_startup,12072398848,112106733568,1233764352,7198527488,0,0,0,
host-memory-samples.jsonl,359037.440318166,-0.9716488220146857,runtime_startup,14017523712,110161608704,3157508096,7215800320,0,0,0,
host-memory-samples.jsonl,359037.940362531,-0.4716044570086524,runtime_startup,14155141120,110023991296,3206332416,7292342272,0,0,0,
host-memory-samples.jsonl,359038.440423276,0.028456287982407957,partial_model_construction,14246473728,109932658688,3290480640,7319056384,0,0,0,
host-memory-samples.jsonl,359038.940565984,0.5285989959957078,partial_model_construction,18926137344,105252995072,6712836096,8531148800,0,0,0,
host-memory-samples.jsonl,359039.440648046,1.0286810579709709,partial_model_construction,22980034560,101199097856,9876193280,9418416128,12,113049600,3661824000,
host-memory-samples.jsonl,359039.940766635,1.528799646999687,partial_model_construction,29391826944,94787305472,15065071616,10583343104,23,227737600,7112294400,
host-memory-samples.jsonl,359040.440848212,2.0288812239887193,partial_model_construction,36145250304,88033882112,20823851008,11506950144,37,545587200,11198464000,
host-memory-samples.jsonl,359040.940916623,2.5289496349869296,partial_model_construction,41664417792,82514714624,26400178176,11506741248,55,965017600,16441344000,
host-memory-samples.jsonl,359041.441040006,3.0290730179985985,partial_model_construction,47405522944,76773609472,32077168640,11507027968,72,1253376000,21395865600,
host-memory-samples.jsonl,359041.941139994,3.52917300601257,partial_model_construction,53511176192,70667956224,38114869248,11508109312,90,1617100800,26694451200,
host-memory-samples.jsonl,359042.441210825,4.029243836994283,partial_model_construction,58588577792,65590554624,43110285312,11508916224,104,1980825600,30734745600,
host-memory-samples.jsonl,359042.941257318,4.529290330014192,partial_model_construction,64148176896,60030955520,48126672896,11510312960,118,2383872000,34735718400,
host-memory-samples.jsonl,359043.461776963,5.04980997502571,partial_model_construction,69038751744,55140380672,52977385472,11511144448,132,2703360000,38820249600,
host-memory-samples.jsonl,359043.946675878,5.534708890016191,partial_model_construction,72969654272,51209478144,57332367360,11513090048,144,2983526400,42314956800,
host-memory-samples.jsonl,359044.446699894,6.034732905973215,partial_model_construction,75505094656,48674037760,58684723200,11514298368,150,3189964800,43995955200,
host-memory-samples.jsonl,359044.946876126,6.534909137990326,partial_model_construction,78957105152,45222027264,61679882240,11216637952,159,3517644800,46604288000,
host-memory-samples.jsonl,359045.446912842,7.034945853985846,partial_model_construction,82114584576,42064547840,65911029760,10703450112,171,3837132800,50059673600,
host-memory-samples.jsonl,359045.962678357,7.550711369025521,partial_model_construction,86789484544,37389647872,70438780928,10206343168,184,4168089600,53713305600,
host-memory-samples.jsonl,359046.452232771,8.040265782969072,partial_model_construction,90012622848,34166509568,74062659584,9772859392,194,4507238400,56519884800,
loader-512.jsonl:348,359046.480979344,8.069012355990708,allocation_refusal,90383847424,33795284992,,,,,,2048
host-memory-samples.jsonl,359046.952292175,8.54032518697204,failure_and_drain,89191174144,34987958272,73387425792,9801351168,194,4507238400,56519884800,
host-memory-samples.jsonl,359047.452383188,9.040416200004984,failure_and_drain,89259331584,34919800832,73387450368,9871847424,194,4507238400,56519884800,
host-memory-samples.jsonl,359047.95248549,9.540518502006307,failure_and_drain,41776685056,82402447360,26287513600,9932972032,194,4507238400,56519884800,
host-memory-samples.jsonl,359048.452574395,10.040607406990603,failure_and_drain,41815773184,82363359232,26287513600,9986449408,194,4507238400,56519884800,
host-memory-samples.jsonl,359048.952634375,10.540667387016583,failure_and_drain,41534820352,82644312064,25951969280,9986682880,194,4507238400,56519884800,
host-memory-samples.jsonl,359049.452734157,11.040767168975435,failure_and_drain,40934563840,83244568576,25375277056,9987051520,194,4507238400,56519884800,
host-memory-samples.jsonl,359049.952832526,11.540865538001526,failure_and_drain,20791799808,103387332608,10367434752,5236137984,194,4507238400,56519884800,
host-memory-samples.jsonl,359050.452888913,12.040921924985014,failure_and_drain,12303519744,111875612672,3780136960,3982532608,194,4507238400,56519884800,
host-memory-samples.jsonl,359050.952975947,12.541008959000465,failure_and_drain,12308656128,111870476288,3780136960,3986481152,194,4507238400,56519884800,
host-memory-samples.jsonl,359051.45317003,13.04120304202661,failure_and_drain,11926413312,112252719104,3780136960,3615416320,194,4507238400,56519884800,
host-memory-samples.jsonl,359051.953267541,13.54130055301357,failure_and_drain,11565760512,112613371904,3780100096,3260338176,194,4507238400,56519884800,
host-memory-samples.jsonl,359052.45333361,14.041366622026544,failure_and_drain,6296748032,117882384384,114688,2094096384,194,4507238400,56519884800,
host-memory-samples.jsonl,359052.953269814,14.54130282602273,failure_and_drain,6346145792,117832986624,114688,2143612928,194,4507238400,56519884800,
host-memory-samples.jsonl,359053.453373921,15.04140693298541,failure_and_drain,6403940352,117775192064,114688,2208362496,194,4507238400,56519884800,
host-memory-samples.jsonl,359053.95345766,15.541490671981592,failure_and_drain,6461743104,117717389312,114688,2277044224,194,4507238400,56519884800,
host-memory-samples.jsonl,359054.453575289,16.041608300991356,failure_and_drain,6509813760,117669318656,114688,2337599488,194,4507238400,56519884800,
host-memory-samples.jsonl,359054.953603019,16.5416360310046,failure_and_drain,6567616512,117611515904,114688,2394484736,194,4507238400,56519884800,
host-memory-samples.jsonl,359055.453696541,17.04172955302056,failure_and_drain,6566137856,117612994560,114688,2394484736,194,4507238400,56519884800,
host-memory-samples.jsonl,359055.953752089,17.541785100998823,failure_and_drain,6573215744,117605916672,114688,2400776192,194,4507238400,56519884800,
host-memory-samples.jsonl,359056.453904118,18.041937129979488,failure_and_drain,6598647808,117580484608,114688,2432020480,194,4507238400,56519884800,
host-memory-samples.jsonl,359056.95393162,18.541964631993324,failure_and_drain,6062034944,118117097472,114688,1826590720,194,4507238400,56519884800,
host-memory-samples.jsonl,359057.454063528,19.042096539982595,failure_and_drain,6064037888,118115094528,114688,1877577728,194,4507238400,56519884800,
host-memory-samples.jsonl,359057.984494789,19.572527800977696,failure_and_drain,6074093568,118105038848,114688,1916891136,194,4507238400,56519884800,
host-memory-samples.jsonl,359058.459238276,20.047271288000047,failure_and_drain,6108655616,118070476800,114688,1946513408,194,4507238400,56519884800,
host-memory-samples.jsonl,359058.959274609,20.54730762098916,failure_and_drain,6151487488,118027644928,114688,1990029312,194,4507238400,56519884800,
host-memory-samples.jsonl,359059.459403624,21.047436635999475,failure_and_drain,6183997440,117995134976,114688,2030661632,194,4507238400,56519884800,
host-memory-samples.jsonl,359059.959455784,21.547488796000835,failure_and_drain,6225285120,117953847296,114688,2072342528,194,4507238400,56519884800,
host-memory-samples.jsonl,359060.459479017,22.04751202900661,failure_and_drain,6264991744,117914140672,114688,2121625600,194,4507238400,56519884800,
host-memory-samples.jsonl,359060.959702637,22.547735648986418,failure_and_drain,6314536960,117864595456,114688,2164092928,194,4507238400,56519884800,
host-memory-samples.jsonl,359061.459775701,23.047808712988626,failure_and_drain,6355542016,117823590400,114688,2201055232,194,4507238400,56519884800,
host-memory-samples.jsonl,359061.959862239,23.547895251016598,failure_and_drain,6396829696,117782302720,114688,2244046848,194,4507238400,56519884800,
host-memory-samples.jsonl,359062.459842936,24.047875948017463,failure_and_drain,6413086720,117766045696,114688,2260824064,194,4507238400,56519884800,
host-memory-samples.jsonl,359062.960018077,24.548051088990178,failure_and_drain,6414348288,117764784128,114688,2254807040,194,4507238400,56519884800,
host-memory-samples.jsonl,359063.460157801,25.04819081298774,failure_and_drain,6446600192,117732532224,114688,2287198208,194,4507238400,56519884800,
host-memory-samples.jsonl,359063.960238492,25.548271503997967,failure_and_drain,6472142848,117706989568,114688,2318278656,194,4507238400,56519884800,
host-memory-samples.jsonl,359064.460269156,26.048302168026567,failure_and_drain,6512652288,117666480128,114688,2316537856,194,4507238400,56519884800,
host-memory-samples.jsonl,359064.960343112,26.54837612400297,failure_and_drain,6513426432,117665705984,114688,2318897152,194,4507238400,56519884800,
host-memory-samples.jsonl,359065.46045197,27.04848498199135,failure_and_drain,6546186240,117632946176,114688,2351202304,194,4507238400,56519884800,
host-memory-samples.jsonl,359065.960553234,27.548586245975457,failure_and_drain,6565015552,117614116864,122880,2376724480,194,4507238400,56519884800,
host-memory-samples.jsonl,359066.460632273,28.04866528499406,failure_and_drain,6524583936,117654548480,114688,2393817088,194,4507238400,56519884800,
host-memory-samples.jsonl,359066.960845926,28.54887893801788,failure_and_drain,5473558528,118705573888,114688,,194,4507238400,56519884800,
