cycle	started	ready_s	exact	tok_s	fault_lines	fault_phase	host_swapout_mib	min_avail_mib	result
1	2026-10-03T17:57:59-04:00	156	12/12	89.85	0	-	1105	2877	clean
2	2026-10-03T18:03:04-04:00	151	12/12	90.3	0	-	391	3049	clean
3	2026-10-03T18:08:04-04:00	150	12/12	90.04	0	-	323	3112	clean
4	2026-10-03T18:13:03-04:00	151	12/12	90.29	0	-	286	3046	clean
5	2026-10-03T18:18:03-04:00	151	12/12	90.14	0	-	286	3220	clean
6	2026-10-03T18:23:02-04:00	151	12/12	90.23	0	-	278	3228	clean
7	2026-10-03T18:28:02-04:00	151	12/12	90.3	0	-	239	3266	clean
8	2026-10-03T18:33:01-04:00	151	12/12	90.16	0	-	269	3304	clean
9	2026-10-03T18:38:01-04:00	151	12/12	90.41	0	-	193	3299	clean
10	2026-10-03T18:43:00-04:00	151	12/12	90.18	0	-	189	3342	clean
